question,tag
পোস্টাল ভোট দিতে কি ধরনের এনআইডি কার্ড গ্রহণ করা হয়?,accepted_nid_types
"এনআইডি অনলাইন পোর্টালে ""আপনার একাউন্ট লক করা হয়েছে"" মেসেজ দেখায়, করণীয় কি? আমার এনআইডি একাউন্ট লক হয়ে গেছে, ঠিক/ আনলক করে দেন।",account_locked
"একবার একাউন্ট লক হওয়ার পর পুনরায় সঠিক তথ্য দিলেও একাউন্ট লক দেখাচ্ছে, উপায় কি?",account_locked_retrials
"অনলাইনে এখনো লক দেখাচ্ছে, কখন ঠিক হবে?",account_locked_retrials
একাউন্ট লক হয়ে গেছে এখনই কি আনলক করে দিতে পারবেন?,account_locked_unlock_request
"ঠিকানা পরিবর্তনের সময় আমার নির্ধারিত পোষ্ট অফিস ও পোষ্ট কোড পাচ্ছিনা, কি করবো?",address_cahgne_but_no_post_office_or_office_code
"ভোটার ঠিকানা পরিবর্তন হয়েছে, কিন্তু অনলাইনে কার্ড ডাউনলোড অপশন পাচ্ছি না।",address_change_card_download_process
ভোটার এলাকার ঠিকানা স্থানান্তর করতে কি চেয়ারম্যানের স্বাক্ষর লাগবে নাকি কাউন্সিলরের স্বাক্ষর হলেও হবে?,address_change_counselor_chairperson_signature
ভোটার এলাকার ঠিকানা সংশোধন/ মাইগ্রেশন আবেদন সংক্রান্ত বিষয়ে এই আবেদনের ক্ষেত্রে বাধ্যতামূলক সাপোর্টিং ডকুমেন্টগুলো কী কী?,address_change_counselor_chairperson_signature_followup_b
ঠিকানা পরিবর্তনের আবেদন কি অনলাইনে করা যাবে?,address_change_online_new
"ঠিকানা পরিবর্তনের জন্য আবেদন করেছি, মোবাইলে মেসেজ পেয়েছি, অনুমোদন হতে কতদিন লাগবে?",address_change_sms_to_mobile_how_many_days_to_get_approved
পোস্টাল ভোট বিডি অ্যাপে সফল বার্তার পর কি করব?,after_success_login_button
এনআইডি কার্ডে জন্ম তারিখ সংশোধনের জন্য কি ডকুমেন্টস লাগবে?,age_and_dob_correction
এনআইডি কার্ডে জন্ম তারিখ সংশোধনের জন্য ডকুমেন্টগুলোর মূল কপি নাকি ফটোকপি লাগবে?,age_and_dob_correction_followup_a
এনআইডি কার্ডে জন্ম তারিখ সংশোধনের জন্য ডকুমেন্টগুলোর মধ্যে কোনোটি না থাকলে বিকল্প হিসেবে কী দেওয়া যাবে?,age_and_dob_correction_followup_b
সকল ডকুমেন্টস সঠিক দিয়েছি তারপরও আবেদন বাতিল করা হয়েছে। কেনো?,all_documents_correct_but_application_rejected_why
Postal Vote BD' অ্যাপ কোথায় পাব?,app_download_sources
পোস্টাল ভোট বিডি অ্যাপে অ্যাপের ভাষা কীভাবে পরিবর্তন করব?,app_language_change
পোস্টাল ভোট বিডি অ্যাপ ওপেন হচ্ছে না কেন?,app_not_opening_troubleshoot
পোস্টাল ভোট বিডি অ্যাপ চালাতে কি প্রয়োজন?,app_requirements_internet_gps_vpn
লগইন করার পর পোস্টাল ভোট বিডি অ্যাপ ব্যবহার না করলে লগ আউট হয়ে যায় কি?,auto_logout_inactivity
পোস্টাল ব্যালট খাম পাঠাতে কি কোনো টাকা লাগে?,ballot_envelope_postage_free
পোস্টাল ব্যালট খাম কোথায় জমা দিতে হবে?,ballot_envelope_submission
পোস্টাল ব্যালট পেপারে কীভাবে ভোট দিতে হয়?,ballot_marking_instructions
পোস্টাল ব্যালট প্যাকেটে কী কী জিনিস থাকে?,ballot_packet_contents
পোস্টাল ব্যালটে ভোট দেওয়ার পর ব্যালট কীভাবে প্যাকিং করতে হয়?,ballot_packing_instructions
কখন পোস্টাল ভোট বিডি অ্যাপে ব্যালট ট্র্যাক বাটন সক্রিয় হয়?,ballot_tracking_button_activation
পোস্টাল ভোট বিডি অ্যাপে ব্যালট ট্র্যাকিং কী?,ballot_tracking_definition
পোস্টাল ভোট বিডি অ্যাপে ব্যালট ট্র্যাকিং স্ক্রিনে কী কী ধাপ দেখা যায়?,ballot_tracking_steps
"আমার জন্ম নিবন্ধন ও এসএসসি সনদে কিছু তথ্যগত পার্থক্য আছে, এখন নতুন ভোটারের আবেদন ফরমে কোন তথ্যটি সরবরাহ করবো?",birth_certificate_and_ssc_certificate_different_information
আমার জন্ম নিবন্ধন ও এসএসসি সনদগুলোর মূল কপি নাকি ফটোকপি লাগবে?,birth_certificate_and_ssc_certificate_different_information_followup_a
আমার জন্ম নিবন্ধন ও এসএসসি সনদগুলোর মধ্যে কোনোটি না থাকলে বিকল্প হিসেবে কী দেওয়া যাবে?,birth_certificate_and_ssc_certificate_different_information_followup_b
"জন্ম নিবন্ধন ও এসএসসি সনদে কিছু তথ্যগত পার্থক্য আছে, এখন নতুন ভোটারের আবেদন ফরমে কোন তথ্যটি সরবরাহ করবো সমস্যার সমাধানে প্রথম ধাপ কী হবে?",birth_certificate_and_ssc_certificate_different_information_followup_c
"জন্ম সনদ নম্বর সংযোজন বা সংশোধন করতে, কি ডকুমেন্টস লাগে?",birth_certificate_number_correct_or_add_document_new
জন্ম সনদ নম্বর সংযোজন বা সংশোধন করতে ডকুমেন্টগুলোর মূল কপি নাকি ফটোকপি লাগবে?,birth_certificate_number_correct_or_add_document_new_followup_a
জন্ম সনদ নম্বর সংযোজন বা সংশোধন করতে ডকুমেন্টগুলোর মধ্যে কোনোটি না থাকলে বিকল্প হিসেবে কী দেওয়া যাবে?,birth_certificate_number_correct_or_add_document_new_followup_b
"আমার জন্মতারিখ ভুল হয়েছে, আমার কাছে কোন ডকুমেন্টস/প্রমাণাদি নাই, কিভাবে সংশোধন করা যাবে?",birth_date_no_proof_model
"জন্মস্থান ভুল হয়েছে, কি কি কাগজপত্র লাগবে?",birthplace_correction_new
জন্মস্থান ভুল হয়েছে কাগজপত্রের মূল কপি নাকি ফটোকপি লাগবে?,birthplace_correction_new_followup_a
জন্মস্থান ভুল হয়েছে কাগজপত্রের মধ্যে কোনোটি না থাকলে বিকল্প হিসেবে কী দেওয়া যাবে?,birthplace_correction_new_followup_b
বিকাশে কিভাবে এনআইডি সংশোধন ফি জমা দিতে হয়?,bkash_mfs_payment_process
রক্তের গ্রুপ অন্তর্ভূক্ত বা সংশোধনের জন্য কি করতে হবে?,blood_group_correction
রক্তের গ্রুপ সংশোধনের জন্য কি কাগজপত্র লাগবে?,blood_group_correction
পোস্টাল ভোট বিডি অ্যাপ সম্পর্কিত কল সেন্টারে কি বাংলা ভাষায় সহায়তা পাওয়া যায়?,call_center_bengali_support
ক্যামেরা সঠিকভাবে কাজ না করলে পোস্টাল ভোট বিডি অ্যাপে কিভাবে রেজিস্ট্রেশন করব?,camera_issue_registration
"ঠিকানা পরিবর্তনের আবেদন অনুমোদিত হয়েছে, এখন নতুন ঠিকানার কার্ড পাবো কিভাবে?",card_avail_after_address_change
সংশোধনের ফি কত?,card_correction_fees
সংশোধনের আবেদন করতে কত টাকা দিতে হবে?,card_correction_fees
এনআইডি সংশোধনের ফি কীভাবে জমা দিলে দ্রুত আপডেট হবে?,card_correction_fees_followup_a
এনআইডি সংশোধনের ফি জমা দেওয়ার পর রসিদ/ট্রানজেকশন কীভাবে যাচাই করবো?,card_correction_fees_followup_b
এনআইডি সংশোধনের অনলাইন আবেদন করার পর স্ট্যাটাস কোথায় দেখে নিতে পারবো?,card_correction_fees_followup_c
এনআইডি সংশোধনের অনলাইন ফর্ম পূরণের সময় ভুল হলে কীভাবে ঠিক করবো?,card_correction_fees_followup_d
ফিস জমা দিতে কোন নম্বর (১০/১৩/১৭ ডিজিট) ব্যবহার করবো?,card_correction_fees_payment_reference_nid_number_query
একই তথ্য কতবার সংশোধন/ পরিবর্তন করা যায়?,card_correction_one_information_maximum_limit
"একই তথ্য কতবার সংশোধনের সুযোগ আছে, কোনো সীমা আছে কি?",card_correction_one_information_maximum_limit_followup_a
একই তথ্য পুনরায় সংশোধনের আবেদন করতে হলে কোনো সময় ব্যবধান লাগে কি?,card_correction_one_information_maximum_limit_followup_b
একই তথ্য বারবার সংশোধন করলে কি প্রতিবারই আলাদা ফি দিতে হবে?,card_correction_one_information_maximum_limit_followup_c
আগের সংশোধনের ইতিহাস বা রেকর্ড কোথায় দেখা যাবে?,card_correction_one_information_maximum_limit_followup_d
"সংশোধোনের জন্য ফি জমা দিয়েছি, আবেদন করতে চাচ্ছি না, এখন আমি কিভাবে টাকা ফেরত পেতে পারি?",card_correction_request_canceled_by_consumer_regarding_refund_fees
সংশোধন আবেদন বাতিল হয়ে গেলে কি টাকা ফেরত পাবো?,card_correction_request_failed_query_regarding_refund_fees
"একবার সংশোধন আবেদন বাতিল করা হয়েছে, পুনরায় আবেদন করতে কি আবার ফি জমা দিতে হবে?",card_correction_request_failed_query_regarding_repayment_fees
"এনআইডি কার্ড নষ্ট হয়ে গেছে, নতুন কার্ড কীভাবে পাবো?",card_damaged_how_to_get_new_card
আমার এনআইডি কার্ড তথ্য ভুল আছে কি করবো?,card_information_correction
এনআইডি সংশোধনের অনলাইন আবেদন করার পর স্ট্যাটাস কোথায় দেখে নিতে পারবো?,card_information_correction_followup_a
এনআইডি সংশোধনের অনলাইন ফর্ম পূরণের সময় ভুল হলে কীভাবে ঠিক করবো?,card_information_correction_followup_b
এনআইডি কার্ড তথ্য ভুল আছে সমস্যার সমাধানে প্রথম ধাপ কী হবে?,card_information_correction_followup_c
সংশোধন অনুমোদিত হলে আপডেটেড কার্ড কীভাবে পাবো?,card_information_correction_followup_d
"আমার কার্ডটি এই মুহুর্তে লক হয়ে আছে, কি করবো?",card_lock
"এনআইডি কার্ড নষ্ট / হারিয়ে গেছে, নতুন কার্ড পেতে কি টাকা লাগবে?",card_lost_and_damaged_cost
"এনআইডি কার্ড নষ্ট / হারিয়ে গেছে, নতুন কার্ড পেতে কতো টাকা লাগবে?",card_lost_new_card_fee
"কার্ড হারিয়ে গেছে কোন তথ্যই নেই, কিভাবে নতুন একটি কার্ড উত্তোলন করবো?",card_lost_no_info_how_to_get_new
রি-ইস্যু করতে কত টাকা জমা দিতে হয়?,card_reissue_fees
"মোবাইল নম্বর বা ফোন নম্বর সংযোজন বা সংশোধন করতে, কি ডকুমেন্টস লাগে?",cell_phone_number_correct_or_add_document_new
মোবাইল নম্বর বা ফোন নম্বর সংযোজন বা সংশোধন করতে ডকুমেন্টগুলোর মূল কপি নাকি ফটোকপি লাগবে?,cell_phone_number_correct_or_add_document_new_followup_a
মোবাইল নম্বর বা ফোন নম্বর সংযোজন বা সংশোধন করতে ডকুমেন্টগুলোর মধ্যে কোনোটি না থাকলে বিকল্প হিসেবে কী দেওয়া যাবে?,cell_phone_number_correct_or_add_document_new_followup_b
বিদেশ থেকে ভোট দিতে কী শর্ত প্রয়োজন?,condition_for_foreign_voter
"সংশোধনের আবেদন করেছি, আবেদনের কি অবস্থা?",correction_application_current_status
"সংশোধন আবেদন করেছিলাম, বাতিল হয়ে গেছে, পুনরায় আবেদন করতে কি নতুন করে ফিস জমা দিতে হবে?",correction_application_rejected_need_new_fee
আবেদন বাতিল হলে পুনরায় আবেদন করতে কি আবার ফি জমা দিতে হবে?,correction_application_rejected_need_new_fee_followup_a
আবেদন বাতিল হওয়ার সুনির্দিষ্ট কারণ কীভাবে জানা যাবে?,correction_application_rejected_need_new_fee_followup_b
"পুনরায় আবেদন কি অনলাইনে করা যাবে, নাকি সরাসরি অফিসে করতে হবে?",correction_application_rejected_need_new_fee_followup_c
পুনরায় আবেদনের স্ট্যাটাস কীভাবে ট্র্যাক করবো?,correction_application_rejected_need_new_fee_followup_d
"সংশোধনের আবেদন করেছি xx দিন আগে, এখন কি অবস্থায় আছে?",correction_application_status
"সংশোধনের জন্য অনেক দিন আগে আবেদন করেছি, ক্যাটাগরী পড়ছে না, কি করবো?",correction_applied_but_no_category
"সংশোধনের আবেদন সাবমিট করার পর দেখতে পাচ্ছি আরও কিছু তথ্য সংশোধন করা প্রয়োজন, কি করবো?",correction_applied_more_correction_needed
সংশোধন আবেদনের জন্য টাকা জমা দেওয়ার পদ্ধতি কি কি?,correction_fee_payment
এনআইডি সংশোধনের জন্য কিভাবে ফি জমা দিতে হয়?,correction_fee_payment
"সংশোধনের জন্য টাকা জমা দিয়েছি, আবেদন সাবমিট করিনি, কিন্তু এনআইডি Wallet এ টাকা জমার পরিমাণ শুণ্য (০) দেখাচ্ছে, কি করবো?",correction_fee_submitted_but_balance_zero
"সংশোধনের মেসেজ পেয়েছি কিন্তু সংশোধিত তথ্য কার্ডে আসে নাই, ১০৫ এ ফোন করে জানতে পারলাম কোন তথ্য সংশোধন না করেই অনুমোদন করে দিয়েছে, কি করবো?",correction_messages_but_no_update_in_card_no_approve
"সংশোধনের আবেদন স্লিপ হারিয়ে ফেলেছি, আমি কি সংশোধন হওয়ার পর আইডি কার্ড পাবো?",correction_slip_lost_can_get_card
পোস্টাল ভোট বিডি অ্যাপে দেওয়া আমার তথ্য কি নিরাপদ থাকবে?,data_security_assurance
মৃত ব্যক্তির আইডিকার্ড সংশোধন করতে কি করণীয়?,dead_people_id_card_update
ভুল করে ২য় বার ভোটার হয়েছি। জানতে পারলাম Match Found. এখন কি করনীয়?,double_voter_registration_issue
এনআইডি কার্ড পেতে কোন কোন দেশের জন্য দ্বৈত নাগরিকত্ব সনদের প্রয়োজন হয় না?,dual_citizenship_certificate_of_which_countires_not_required_for_nid
আমি পাশ না করেও অজ্ঞতাবশতঃ শিক্ষাগত যোগ্যতা এসএসসি বা তদুর্দ্ধ লিখেছিলাম এখন আমার বয়স বা অন্যান্য তথ্যাদি সংশোধনের উপায় কি?,educational_qualification_correction
"আট ঘন্টা পর আবার রেজিষ্ট্রেশন করার চেষ্টা করছি কিন্তু একাউন্ট এখনও লক দেখাচ্ছে, কিভাবে সমাধান করবো?",eight_hours_time_up
একাউন্ট বারবার লক দেখাচ্ছে আমার তথ্য ঠিক আছে কিনা চেক করে দিতে পারবেন?,eight_hours_time_up
একাউন্ট বারবার লক দেখাচ্ছে তথ্য ঠিক আছে কিনা কিভাবে বুঝবো?,eight_hours_time_up
"আমার ভোটার হওয়ার থানা, জেলা ও বিভাগ কি?",eight_hours_time_up
"ছবি তুলেছি কিন্তু মোবাইলে এসএমএস আসেনি, এনআইডি নম্বর কিভাবে পাবো?",eight_hours_time_up
পরবর্তী ভোটার তালিকা হালনাগাদ কবে হবে?,eight_hours_time_up
পোস্টাল ভোট বিডি অ্যাপে ই-মেইল এড্রেস দেওয়া বাধ্যতামূলক কি?,email_optional
"এনআইডি Wallet এ ফেস ভেরিফিকেশন সম্পন্ন হয়েছে, কিন্তু পরবর্তী অপশনে যাচ্ছে না।",face_verification_no_next_option
দ্রুত ভোটার হওয়ার জন্য কোন ব্যবস্থা আছে?,faster_voter_registration
দ্রুত সেবা পেতে কোন অফিসে যোগাযোগ করবো?,faster_voter_registration_followup_b
আবেদনের অগ্রগতি দ্রুত কীভাবে ট্র্যাক করবো?,faster_voter_registration_followup_d
"পিতার ঠিকানা আর আমার ঠিকানা ভিন্ন, আমার ঠিকানায় ভোটার করছে না, কিভাবে ভোটার হবো?",father_and_my_adress_different
ফিঙ্গারপ্রিন্ট আপডেট করতে দিয়ে ধীর্ঘদিন হলো কিন্তু এখনো হচ্ছে না বা Adjudication Pending অবস্থায় আছে। কি করনীয়?,finderprint_adjudication_pending
ফিঙ্গারপ্রিন্ট আপডেট করতে কোন অফিসে যেতে হবে এবং অফিসের ঠিকানা/সময় কী?,finderprint_adjudication_pending_followup_a
ফিঙ্গারপ্রিন্ট আপডেট করতে অফিসে যাওয়ার সময় কোন কোন কাগজপত্র সঙ্গে নিতে হবে?,finderprint_adjudication_pending_followup_b
ফিঙ্গারপ্রিন্ট আপডেট বিষয়ে আপডেট পেতে আর কতদিন অপেক্ষা করতে হবে?,finderprint_adjudication_pending_followup_c
ফিঙ্গারপ্রিন্ট আপডেট কতদিন পেন্ডিং থাকলে পরবর্তী পদক্ষেপ নিতে হবে?,finderprint_adjudication_pending_followup_d
মোবাইলের সিম বা অন্যান্য ক্ষেত্রে ফিঙ্গারপ্রিন্ট দিলে আমার তথ্য আসেনা। কি করনীয়?,fingerprint_error_info_not_found
"ফিঙ্গারপ্রিন্ট পরিবর্তন বা আপডেটের জন্য আবেদন করেছিলাম, এখনো অনুমোদন হয়নি, কেন?",fingerprint_update_applied_not_approved
নতুন ভোটারের জন্য অনলাইনে আবেদন করেছি কিন্তু ফর্মটি প্রিন্ট করলে ফন্ট ভেঙ্গে যাচ্ছে। কি করণীয়?,font_problem_in_new_voter_registration_form
পোস্টাল ভোট বিডি অ্যাপে বিদেশী ঠিকানা দেওয়ার সময় কী মনে রাখতে হবে?,foreign_address_entry_tips
পোস্টাল ভোট বিডি অ্যাপে বিদেশী ঠিকানার কী কী তথ্য দিতে হবে?,foreign_address_fields
"এম্বাসী/দূতাবাসে বায়োমেট্রিক প্রদান করেছি, এখন কি করণীয়?",foreign_resident_action_after_biometrics_new
প্রবাসী এনআইডি বা ভোটার নিবন্ধনের জন্য এম্বাসী/দূতাবাসে আবেদন করেছি। স্মার্ট কার্ড কীভাবে পাবো?,foreign_resident_card_collection
"প্রবাসে/ বিদেশে ছবি তুলেছিলাম, উপজেলা থেকে তদন্ত করে অনুমোদন করেছে, কিন্তু এখনও মেসেজ পাইনি।",foreign_resident_card_picture_done__inquery_done_no_msg_new
"প্রবাসে ছবি তুলেছিলাম, এম্বাসিতে যোগাযোগ করলে বলেছে উপজেলা থেকে তদন্ত পাঠায়নি। কি করণীয়?",foreign_resident_card_picture_done_not_inquery_from_upzilla_new
প্রবাসে বসবাসকারীদের এনআইডি বা ভোটার নিবন্ধনের জন্য কি করতে হবে?,foreign_resident_card_registration_process
বিদেশে বসবাসরত বাংলাদেশীদের এনআইডি বা ভোটার নিবন্ধনের জন্য করণীয় কি?,foreign_resident_card_registration_process
প্রবাসী এনআইডি/ভোটার নিবন্ধন করতে কোন অফিসে যেতে হবে এবং অফিসের ঠিকানা/সময় কী?,foreign_resident_card_registration_process_followup_a
প্রবাসী এনআইডি/ভোটার নিবন্ধন করতে অফিসে যাওয়ার সময় কোন কোন কাগজপত্র সঙ্গে নিতে হবে?,foreign_resident_card_registration_process_followup_b
প্রবাসী এনআইডি/ভোটার নিবন্ধনের জন্য প্রয়োজনীয় কাগজপত্রের মূল কপি নাকি ফটোকপি লাগবে?,foreign_resident_card_registration_process_followup_c
প্রবাসী এনআইডি/ভোটার নিবন্ধনের জন্য প্রয়োজনীয় কাগজপত্রের মধ্যে কোনোটি না থাকলে বিকল্প হিসেবে কী দেওয়া যাবে?,foreign_resident_card_registration_process_followup_d
এ পর্যন্ত কোন কোন দেশে ভোটার নিবন্ধনের অনুমতি দেওয়া হয়েছে।,foreign_resident_card_registration_query_country_limitation
কোন কোন দেশে প্রবাসী ভোটার নিবন্ধন করা হয়?,foreign_resident_card_registration_query_country_limitation
"আমি xxxxxxx দেশে আছি, এখানে কি ভোটার নিবন্ধন করা হয়?",foreign_resident_card_registration_query_country_limitation
কোন কোন দেশ থেকে এনআইডি বা ভোটার নিবন্ধন করা যায়?,foreign_resident_card_registration_query_country_limitation
প্রবাসী এনআইডি বা ভোটার নিবন্ধনের জন্য এম্বাসী/দূতাবাসে আবেদন জমা দিয়ে এসেছি। বর্তমান অবস্থা কি?,foreign_resident_card_registration_query_country_limitation
প্রবাসী এনআইডি বা ভোটার নিবন্ধনের জন্য এম্বাসী/দূতাবাসে আবেদন করেছি। আবেদন Reject করে দিয়েছে। কেনো?,foreign_resident_card_registration_rejected
দূতাবাসে ভোটার নিবন্ধন করতে হলে কি কি কাগজপত্র লাগে?,foreign_resident_card_registration_required_documents
প্রবাসী ভোটার হতে হলে কি কি কাগজপত্র লাগে?,foreign_resident_card_registration_required_documents
"আমি বাংলাদেশে ভোটার হয়েছিলাম, এখন কি প্রবাসেও ভোটার হতে হবে?",foreign_resident_multiple_registration_new
প্রবাসী এনআইডি বা ভোটার নিবন্ধনের জন্য এম্বাসী/দূতাবাসে আবেদন করেছি। এখনো Adjudication Pending অবস্থায় আছে। কি করণীয়?,foreign_resident_nid_adjudication_pending
আমার পাসপোর্টের মেয়াদ শেষ হয়ে গেছে। আমি কি প্রবাস থেকে এনআইডি বা ভোটার নিবন্ধনের আবেদন করতে পারবো?,foreign_resident_passport_expaired_card_registration_process
আমার পাসপোর্টের মেয়াদ শেষ হয়ে গেছে। আমি কি প্রবাস থেকে এনআইডি বা ভোটার নিবন্ধনের আবেদন করতে পারবো?,foreign_resident_passport_expaired_card_registration_process
পোস্টাল ভোট বিডি অ্যাপে পাসওয়ার্ড ভুলে গেলে কি করব?,forgot_password_flow
FORM নম্বর দিয়ে দিয়ে রেজিষ্ট্রেশন করতে পারছি না।,form_number_not_working
পোস্টাল ভোট বিডি অ্যাপের সহায়তা কেন্দ্রে কীভাবে প্রবেশ করা যায়?,help_center_access
পোস্টাল ভোট বিডি অ্যাপের সহায়তা কেন্দ্রে কী কী পাওয়া যায়?,help_center_contents
পোস্টাল ভোট বিডি অ্যাপ এর জন্য সহায়তা কেন্দ্র কী?,help_center_definition
পোস্টাল ভোট বিডি অ্যাপ এর সাহায্য পেতে কোথায় যোগাযোগ করব?,help_contact_location
পোস্টাল ভোট বিডি অ্যাপ ব্যবহারে সহায়তা সেবার ক্ষেত্রে গুরুত্বপূর্ণ বিষয়গুলি কী কী?,help_service_key_points
পোস্টাল ভোট বিডি অ্যাপে হোম স্ক্রিনে পৌঁছে গেলে কী করতে পারি?,home_screen_usage
এনআইডি কার্ডে কতজন স্ত্রীর নাম সংযোজন করা যাবে?,how_many_wife_name_can_be_added_in_nid_card
কীভাবে এনআইডি পোর্টালে সংশোধন আবেদন করতে হয়?,how_to_apply_for_correction_in_online_portal
এনআইডি পোর্টালে সংশোধন আবেদন করার পর স্ট্যাটাস কোথায় দেখে নিতে পারবো?,how_to_apply_for_correction_in_online_portal_followup_a
"নির্বাচন অফিসে গিয়ে সাহায্য পাচ্ছি না, আমি অভিযোগ দাখিল করতে চাই। এখন আমার করণীয় কি?",how_to_complain_not_getting_help_from_election_office
"নির্বাচন অফিসে গিয়ে সাহায্য পাচ্ছি না, আমি অভিযোগ দাখিল করতে চাই অভিযোগের সাথে কী কী তথ্য বা প্রমাণপত্র জমা দিতে হবে?",how_to_complain_not_getting_help_from_election_office_followup_b
"আগের আইডি কার্ডে স্বামীর নাম ছিলো, কিন্তু বর্তমান কার্ডে নাই, কেন?",husband_name_previous_card
"স্বামী/স্ত্রী সাথে তালাক হয়েছে, স্বামীর নাম বাদ দিতে চাই, করণীয় কি?",husband_talak_name_remove
পোস্টাল ভোট বিডি অ্যাপে তথ্য ভুল হয়ে গেলে কী করব?,incorrect_info_restart
"তথ্য সঠিক দিয়েছি, কিন্তু একাউন্ট লক হয়ে গিয়েছে কেন?",information_correct_but_account_locked
এনআইডি কার্ড সংশোধন দ্রুত করার কোন ফিস আছে কি?,instant_card_correction_fee
এনআইডি সংশোধনের ফি জমা দেওয়ার পর রসিদ/ট্রানজেকশন কীভাবে যাচাই করবো?,instant_card_correction_fee_followup_b
এনআইডি সংশোধন বিষয়ে নিশ্চিত তথ্য পেতে কোন অফিসে যোগাযোগ করবো?,instant_card_correction_fee_followup_c
এনআইডি কার্ড সংশোধন অনুমোদিত হলে আপডেটেড কার্ড কীভাবে পাবো?,instant_card_correction_fee_followup_d
পোস্টাল ভোট বিডি অ্যাপে নির্দেশনা অনুসরণ করার সময় কী মনে রাখতে হবে?,instruction_following_tips
পোস্টাল ভোট বিডি অ্যাপে লাইভনেস চেকআপের সময় কী কী এড়িয়ে চলতে হবে?,liveness_check_avoid
পোস্টাল ভোট বিডি অ্যাপে লাইভনেস চেকআপ কী এবং কেন প্রয়োজন?,liveness_check_purpose
পোস্টাল ভোট বিডি অ্যাপে লাইভনেস চেকআপে কী কী করতে হয়?,liveness_check_steps
পোস্টাল ভোট বিডি অ্যাপ ব্যবহারের জন্য লোকেশন সেবা কেন অবশ্যক?,location_service_required_reason
পোস্টাল ভোট বিডি অ্যাপে লগ আউট করার পর আবার লগইন করতে পারব কি?,login_after_logout
"আমি পোস্টাল ভোট বিডি অ্যাপে রেজিস্ট্রেশন করেছি, এখন কীভাবে লগইন করব?",login_after_registration
পোস্টাল ভোট বিডি অ্যাপে লগইন করতে কী তথ্য প্রয়োজন?,login_credentials_required
পোস্টাল ভোট বিডি অ্যাপে লগইন পেজ কেন খুলছে না?,login_page_not_opening
পোস্টাল ভোট বিডি অ্যাপে লগইন সময় কী সাবধানতা নিতে হবে?,login_safety_precautions
এনআইডি অনলাইন পোর্টালে অনেক আগে রেজিষ্ট্রেশন করেছিলাম এখন কি সেই ইউজার আইডি ও পাসওয়ার্ড দিয়ে লগিন করতে পারবো?,login_using_old_id_password
এনআইডি অনলাইন পোর্টালে অনেক আগে রেজিষ্ট্রেশন করেছিলাম পুরনো লগইন তথ্য কাজ না করলে একাউন্ট রিকভারি কীভাবে করবো?,login_using_old_id_password_followup_b
এনআইডি অনলাইন পোর্টালে অনেক আগে রেজিষ্ট্রেশন করেছিলাম রেজিস্টার করা মোবাইল নম্বর পরিবর্তিত হলে লগইন সমস্যা কীভাবে সমাধান করবো?,login_using_old_id_password_followup_c
পোস্টাল ভোট বিডি অ্যাপে আমি লগ আউট করতে পারি কি?,logout_available
পোস্টাল ভোট বিডি অ্যাপ থেকে আমি কিভাবে লগআউট করব?,logout_steps
দ্বৈত নাগরিকত্ব সনদ কোন মন্ত্রণালয় দিয়ে থাকে?,ministry_provide_dual_citizenship_certificate
পোস্টাল ভোট বিডি অ্যাপে মোবাইল নম্বর কোথায় দেব?,mobile_number_entry
পোস্টাল ব্যালটে একাধিক প্রার্থীকে ভোট দিলে কী হবে?,multiple_marks_invalid_vote
এনআইডি কার্ডে নিজ নামের সংশোধনের জন্য কি ডকুমেন্টস লাগবে?,name_correction_in_nid_card
এনআইডি কার্ডে নিজ নামের সংশোধনের জন্য ডকুমেন্টগুলোর মূল কপি নাকি ফটোকপি লাগবে?,name_correction_in_nid_card_followup_a
এনআইডি কার্ডে নিজ নামের সংশোধনের জন্য ডকুমেন্টগুলোর মধ্যে কোনোটি না থাকলে বিকল্প হিসেবে কী দেওয়া যাবে?,name_correction_in_nid_card_followup_b
ভোটার এলাকা পরিবর্তনের জন্য কি কি কাগজপত্র লাগে?,necessary_documents_to_modify_voter_area
ভোটার এলাকা পরিবর্তনের জন্য কাগজপত্রের মূল কপি নাকি ফটোকপি লাগবে?,necessary_documents_to_modify_voter_area_followup_a
ভোটার এলাকা পরিবর্তনের জন্য কাগজপত্রের মধ্যে কোনোটি না থাকলে বিকল্প হিসেবে কী দেওয়া যাবে?,necessary_documents_to_modify_voter_area_followup_b
ভোটার এলাকার ঠিকানা সংশোধন বা মাইগ্রেশন আবেদন কি অনলাইনে করা যাবে নাকি সরাসরি অফিসে যেতে হবে?,necessary_documents_to_modify_voter_area_followup_c
ভোটার এলাকার ঠিকানা সংশোধন/ মাইগ্রেশন আবেদন সংক্রান্ত প্রক্রিয়াটি সম্পন্ন হতে সাধারণত কতদিন সময় লাগে?,necessary_documents_to_modify_voter_area_followup_d
হারানো কার্ড উত্তোলনের পর পূর্বের কার্ডটি খুঁজে পেয়েছি করণীয় কি?,new_card_got_old_card_found_what_to_do
ভোটার তালিকায় নিবন্ধনের জন্য কত বয়স হতে হয়?,new_nid_card_age
"আমি একবারই ভোটার হয়েছি কিন্তু আমার নতুন ভোটার আবেদন বাতিল করা হয়েছে, কিভাবে সমাধান পেতে পারি?",new_voter_application_cancelled
"উপজেলা নির্বাচন অফিস আমার নতুন ভোটারের আবেদন জমা নিচ্ছে না, কি করবো?",new_voter_application_not_submitted_to_upazila_or_thana_office
"অনলাইনে ভোটার হওয়ার জন্য আবেদন করেছি, এখন কি কি দলিল নিয়ে উপজেলা নির্বাচন অফিসে যাব?",new_voter_apply_online_what_documents_needed
নতুন ভোটার হওয়ার জন্য অনলাইনে আবেদন করার পর কি কি কাগজপত্র জমা দিতে হয়?,new_voter_apply_online_what_documents_needed
নতুন ভোটার আবেদনের পর এসএমএস পেয়েছি এখন কি করবো?,new_voter_apply_online_what_documents_needed
"বায়োমেট্রিক্স দেওয়ার জন্য এসএমএস পেয়েছি, এখন কি করবো?",new_voter_apply_online_what_documents_needed
"আমি নতুন ভোটার হওয়ার আবেদন করেছিলাম কিন্তু সেটি বাতিল (Rejected) করা হয়েছে, কেন?",new_voter_but_card_rejected
"নতুন ভোটার হয়েছি, ফরম নম্বর দিয়ে রেজিষ্ট্রেশন করেছি, কিন্তু কার্ড ডাউনলোড করতে পারছি না, কেন?",new_voter_can_not_download_card_with_form_number
এনআইডি কার্ড পেতে কতদিন সময় লাগে?,new_voter_card_getting_time
"অনেক আগে ভোটার হয়েছি, কার্ড গ্রহণ করিনি, ফরম নম্বর আছে, কার্ড ডাউনলোডের জন্য রেজিষ্ট্রেশন করতে পারছি না, কি করবো?",new_voter_card_not_taken_has_form_no_can_not_register_online
নতুন ভোটার হওয়ার ফি কত?,new_voter_fees
এনআইডি নিবন্ধনের জন্য ফি প্রদান করতে হয় কি?,new_voter_fees
নতুন ভোটার হওয়ার জন্য কোন ফি জমা দিতে হয়?,new_voter_fees
নতুন ভোটার নিবন্ধনের ফি জমা দেওয়ার পর রসিদ/ট্রানজেকশন কীভাবে যাচাই করবো?,new_voter_fees_followup_b
"নতুন ভোটার হয়েছিলাম, এনআইডি কার্ড পেয়েছি/ ডাউনলোড করেছি, স্মার্ট কার্ড কবে পাবো?",new_voter_got_normal_card_when_get_smart_card
স্মার্ট কার্ড করতে কোন অফিসে যেতে হবে এবং অফিসের ঠিকানা/সময় কী?,new_voter_got_normal_card_when_get_smart_card_followup_a
"নতুন ভোটার হয়েছি, এনআইডি কার্ড পাবো কিভাবে?",new_voter_how_to_get_card
নতুন ভোটারের আবেদন ফরমে শনাক্তকারী কে?,new_voter_identifier_who
আবেদন ফরমে শনাক্তকারীর কি এনআইডি নম্বর ও মোবাইল নম্বর থাকা বাধ্যতামূলক?,new_voter_identifier_who_followup_b
আবেদন ফরমে শনাক্তকারী উপস্থিত থাকতে না পারলে বিকল্প কী?,new_voter_identifier_who_followup_c
আবেদন ফরমে শনাক্তকারীর তথ্য ভুল হলে আবেদন কীভাবে সংশোধন করবো?,new_voter_identifier_who_followup_d
"অনেক দিন হয়ে গেল কোন মেসেজ পাচ্ছি না, করণীয় কি?",new_voter_no_messages_from_upzila_or_thana
"নতুন ভোটারের আবেদন করেছি, থানা/উপজেলা থেকে এসএমএস আসেনি, কি করণীয়?",new_voter_no_messages_from_upzila_or_thana
নতুন নিবন্ধনের জন্য কি কি ডকুমেন্ট জমা দিতে হয়?,new_voter_online_what_documents_to_submit
নতুন ভোটার হওয়ার জন্য কি কি কাগজ লাগে?,new_voter_online_what_documents_to_submit
ভোটার হওয়ার জন্য কোন কোন দলিল লাগে?,new_voter_online_what_documents_to_submit
জাতীয় পরিচয়পত্রের জন্য কোন কোন কাগজপত্র লাগবে?,new_voter_online_what_documents_to_submit
নতুন ভোটার হওয়ার জন্য অনলাইনে আবেদন করার পর  ডকুমেন্টগুলোর মূল কপি নাকি ফটোকপি লাগবে?,new_voter_online_what_documents_to_submit_followup_a
নতুন ভোটার হওয়ার জন্য অনলাইনে আবেদন করার পর ডকুমেন্টগুলোর মধ্যে কোনোটি না থাকলে বিকল্প হিসেবে কী দেওয়া যাবে?,new_voter_online_what_documents_to_submit_followup_b
ভোটার হওয়ার পূর্ব শর্ত কি কি?,new_voter_pre_condition
ভোটার হওয়ার জন্য কি কি শর্ত পূরণ করতে হয়?,new_voter_pre_condition
এনআইডি নিবন্ধনের পূর্ব শর্ত কি কি?,new_voter_pre_condition
একজন নাগরিক কোন কোন শর্তে এনআইডি করতে পারে?,new_voter_pre_condition
"নতুন ভোটার হওয়ার জন্য অনলাইনে আবেদন করেছি, ডাউনলোড করা ফরম কোথায় জমা দিবো?",new_voter_registered_where_To_submit_the_downloaded_form
"নতুন ভোটার হয়েছি, স্মার্ট কার্ড পাবো কিভাবে?",new_voter_smart_card_how_to_get
ভোটার স্থানান্তরের আবদেন কতবার করা যায়?,nid_address_update_01
"পিতা-মাতার অনেক আগে তালাক হয়েছে, ব্যক্তির এনআইডি তে ২য় পিতার নাম দেওয়া রয়েছে। এখন ব্যক্তি তার বায়োলজিক্যাল পিতার ঠিকানায় স্থায়ী ঠিকানা হিসেবে পরিবর্তন করতে চায়। কি করনীয়?",nid_address_update_02
বায়োলজিক্যাল পিতার ঠিকানায় স্থানান্তরে কোন দলিল বাধ্যতামূলক?,nid_address_update_02_followup_b
"ভোটার স্থানান্তরের আবেদন অনুমোদন হয়েছে। নতুন ঠিকানা সম্বলিত কার্ড রি-ইস্যু এর জন্য আবেদন করতে গিয়ে দেখা যায় স্থায়ী ঠিকানায় উপজেলা এবং ইউনিয়ন উল্লেখ নেই, কি করনীয়?",nid_address_update_03
"ব্যক্তি ঢাকায় ভোটার হয়েছেন। ভোটার স্থানান্তরের মাধ্যমে বর্তমান ঠিকানা যশোরে স্থানান্তরিত হয়েছে। স্থায়ী ঠিকানা পরিবর্তনের ক্ষেত্রে কোন দলিলাদি নেই, কি করনীয়?",nid_address_update_04
১ম স্বামী মারা যাওয়ায় ২য় স্বামীর বাড়ীর ঠিকানায় ভোটার স্থানান্তর করতে কি কি কাগজপত্র লাগবে।,nid_address_update_05
স্থায়ী ঠিকানায় বাড়ির নম্বর না থাকলে কিভাবে লেখা উচিৎ?,nid_address_update_06
"ঠিকানা ভুলের কারনে যদি এনআইডি কার্ডে ভোটার এরিয়া ভুল আসে, তখন কি করনীয়?",nid_address_update_07
এনআইডি সার্ভারে স্থায়ী ঠিকানা আপডেট হতে কত সময় লাগে?,nid_address_update_08
পিতা-মাতা কেউ নেই। এতিমখানায় বড় হয়েছে। সেক্ষেত্রে এনআইডি করতে কোন ঠিকানা দিবো?,nid_address_update_09
প্রবাসে অবস্থানকালীন বর্তমান ঠিকানা কিভাবে উল্লেখ হবে?,nid_address_update_10
স্থায়ী ঠিকানার পোষ্ট অফিসের নাম ভুল এসেছে কিন্তু পোষ্টকোড নম্বর সঠিক রয়েছে। সেক্ষেত্রে কি করনীয়?,nid_address_update_11
ঠিকানা পরিবর্তনের আবেদন করলে ভোটার তালিকায় কি পরিবর্তন আসে?,nid_address_update_12
স্থায়ী ঠিকানা সংশোধনের আবেদন প্রত্যাখান হলে কি করনীয়?,nid_address_update_13
নতুন এনআইডি বা ভোটার আবেদন করেছিলাম কিন্তু এখনো Adjudication Pending অবস্থায় আছে। কি করনীয়?,nid_adjudication_pending
নতুন এনআইডি বা ভোটার আবেদন করেছিলাম কিন্তু এখনো Adjudication Pending অবস্থায় আছে। কি করনীয়?,nid_adjudication_pending
ফিংগারপ্রিন্ট একেবারেই নেই। করনীয় কি?,nid_afis_01
হাত নেই। নতুন ভোটার হত চাই। করনীয় কি?,nid_afis_02
একটা/দুইটা চোখ নাই । নতুন ভোটার হত চাই। করনীয় কি?,nid_afis_03
সিম কিনতে পারছিনা। কারন ফিংগারপ্রিন্ট একেবারেই নেই। করনীয় কি?,nid_afis_04
জাতীয় পরিচয়পত্র সংক্রান্ত কোন আপিল প্রাপ্তির কত দিনের মধ্যে তা নিষ্পত্তি করতে হবে?,nid_appeal_disposal_time_01
কোন আবেদন নামঞ্জুর হলে তা কতদিনের মধ্যে ব্যক্তিকে অবহিত করতে হবে?,nid_application_rejection_notice_time_01
জাতীয় পরিচয়পত্র সংক্রান্ত অনলাইন বা অফলাইন আবেদন ও সংযুক্ত দলিলাদি যাচাইয়ান্তে মঞ্জুর বা না-মঞ্জুর করার সময়সীমা কত দিন?,nid_application_verification_time_01
"জাতীয় তথ্য ভাণ্ডারে আঙ্গুলের ছাপ আপডেট করেছি তবুও কাজ হচ্ছে না, কি করণীয়?",nid_biometric_update_not_working_01
আঙ্গুলের ছাপ প্রদান করেছি আপডেট হয়েছে কি না?,nid_biometric_update_status_01
"আঙ্গুলের ছাপ প্রদান করেছিলাম, অনুমোদন হয়েছে কি না?",nid_biometric_update_status_02
"বায়োমেট্রিক স্ট্যাটাস 'Add pending' ছিল, আপডেট হয়েছে কি না?",nid_biometric_update_status_03
"সংশোধনের আবেদন করেছি দীর্ঘদিন হয়েছে, এখন আমার কাছ থেকে উপজেলা অফিস ঘুষ চাচ্ছে। কি করণীয়?",nid_bribery_complaint_01
জাতীয় পরিচয়পত্রের মেয়াদ ইস্যুর তারিখ থেকে কতদিন পর্যন্ত বৈধ থাকে?,nid_card_validity_period_01
জাতীয় পরিচয়পত্র সংশোধন আবেদন কোন কোন ক্যাটাগরিতে বিভাজন করা হয়?,nid_correction_categories_01
ক' ক্যাটাগরির আবেদন কে নিষ্পত্তি করেন?,nid_correction_category_approver_01
ক' ক্যাটাগরির আবেদন কে নিষ্পত্তি করেন?,nid_correction_category_approver_01
‘ক’ ক্যাটাগরির আবেদন কে নিষ্পত্তি করেন?,nid_correction_category_approver_01
ক-১' ক্যাটাগরির আবেদন কে নিষ্পত্তি করেন?,nid_correction_category_approver_02
ক-১' ক্যাটাগরির আবেদন কে নিষ্পত্তি করেন?,nid_correction_category_approver_02
‘ক-১’ ক্যাটাগরির আবেদন কে নিষ্পত্তি করেন?,nid_correction_category_approver_02
খ' ক্যাটাগরির আবেদন কে নিষ্পত্তি করেন?,nid_correction_category_approver_03
খ' ক্যাটাগরির আবেদন কে নিষ্পত্তি করেন?,nid_correction_category_approver_03
‘খ’ ক্যাটাগরির আবেদন কে নিষ্পত্তি করেন?,nid_correction_category_approver_03
খ-১' ক্যাটাগরির আবেদন কে নিষ্পত্তি করেন?,nid_correction_category_approver_04
খ-১' ক্যাটাগরির আবেদন কে নিষ্পত্তি করেন?,nid_correction_category_approver_04
‘খ-১’ ক্যাটাগরির আবেদন কে নিষ্পত্তি করেন?,nid_correction_category_approver_04
গ' ক্যাটাগরির আবেদন কে নিষ্পত্তি করেন?,nid_correction_category_approver_05
গ' ক্যাটাগরির আবেদন কে নিষ্পত্তি করেন?,nid_correction_category_approver_05
‘গ’ ক্যাটাগরির আবেদন কে নিষ্পত্তি করেন?,nid_correction_category_approver_05
গ-১' ক্যাটাগরির আবেদন কে নিষ্পত্তি করেন?,nid_correction_category_approver_06
গ-১' ক্যাটাগরির আবেদন কে নিষ্পত্তি করেন?,nid_correction_category_approver_06
‘গ-১’ ক্যাটাগরির আবেদন কে নিষ্পত্তি করেন?,nid_correction_category_approver_06
ঘ' ক্যাটাগরির আবেদন কে নিষ্পত্তি করেন?,nid_correction_category_approver_07
ঘ' ক্যাটাগরির আবেদন কে নিষ্পত্তি করেন?,nid_correction_category_approver_07
‘ঘ’ ক্যাটাগরির আবেদন কে নিষ্পত্তি করেন?,nid_correction_category_approver_07
এনাআইডি কার্ডে ধর্মের নাম ভুল আসলে কি কি কাগজপত্র দিয়ে আবেদন করতে হবে?,nid_correction_online_01
এনাআইডি কার্ডে ধর্ম সংশোধনের জন্য কোন কোন সাপোর্টিং ডকুমেন্ট লাগে?,nid_correction_online_01_followup_a
এনাআইডি কার্ডে ধর্ম সংশোধনের সম্পর্কিত বিষয়ে এই আবেদন অনলাইনে করা যায় নাকি সরাসরি অফিসে করতে হয়?,nid_correction_online_01_followup_b
এনাআইডি কার্ডে ধর্ম সংশোধনের ফি কত এবং কীভাবে জমা দিতে হবে?,nid_correction_online_01_followup_c
আবেদন স্ট্যাটাস কীভাবে যাচাই করবো?,nid_correction_online_01_followup_d
আমার এনআইডি কার্ডে Gender এর নাম পরিবর্তন হয়েছে । Male এর জায়গায় Female অথবা Female এর জায়গায় Male হয়েছে। কিভাবে সংশোধন করা যাবে?,nid_correction_online_02
সংশোধনের জন্য ফি দেখাচ্ছে ৩৪৫ টাকা কিন্তু NID তে টাকা জমা দেওয়া হয়েছে ২৩০ টাকা। বাকি টাকা কিভাবে জমা দিতে পারি?,nid_correction_online_03
সংশোধন ফি আংশিক জমা হলে বাকি টাকা কীভাবে পরিশোধ করবো?,nid_correction_online_03_followup_a
বকেয়া ফি যোগ হওয়ার পরে মোট পরিমাণ কোথায় দেখতে পাব?,nid_correction_online_03_followup_b
আংশিক পেমেন্টের ট্রানজেকশন কীভাবে যাচাই করবো?,nid_correction_online_03_followup_c
NID কার্ডে বাবা-মায়ের মৃত্যু সাল সংযুক্ত করতে হলে কি কি কাগজপত্র জমা দিতে হবে?,nid_correction_online_04
জন্মসাল পরিবর্তন ৫ (পাঁচ) বছরের বেশি হলে কি কি কাগজপত্র দিয়ে আবেদন করতে হবে?,nid_correction_online_05
তথ্য সংশোধন আবেদন করার পরে কিভাবে আমি আমার আবেদন আপডেটের তথ্য পেতে পারি?,nid_correction_online_06
"Status সরকারী চাকুরী হতে গৃহিনী হবে, কি কি ডকুমেন্ট লাগবে?",nid_correction_online_07
এনআইডি পেশা সংশোধনের (অনলাইন) সম্পর্কিত বিষয়ে এই সংশোধন অনলাইনে করা যায় নাকি অফিসে যেতে হয়?,nid_correction_online_07_followup_b
এনআইডি পেশা সংশোধনের ফি ও সময়সীমা কত?,nid_correction_online_07_followup_c
সংশোধন সম্পন্ন হয়েছে কিনা কীভাবে যাচাই করবো?,nid_correction_online_07_followup_d
ভুলক্রমে পেশা সরকারী চাকুরি হয়ে গেছে। এখন পেশা পরিবর্তন করতে চাই। কিভাবে করবো?,nid_correction_online_08
পেশা পরিবর্তনের জন্য কোন কোন ডকুমেন্ট প্রয়োজন?,nid_correction_online_08_followup_a
পেশা সংশোধনের ফি ও সময়সীমা কত?,nid_correction_online_08_followup_c
সংশোধন সম্পন্ন হয়েছে কিনা কীভাবে যাচাই করবো?,nid_correction_online_08_followup_d
কোন ব্যক্তি বা প্রতিষ্ঠান কর্তৃক জাতীয় পরিচয়পত্রের তথ্য-উপাত্ত সরবরাহের আবেদন ফি কত?,nid_data_supply_fee_01
দ্বৈত নাগরিকদের জন্য এনআইডি করার নির্দিষ্ট কোনো ফরম আছে কি?,nid_dual_citizenship_01
"আমি বিদেশে আছি, দূতাবাসের মাধ্যমে কি এনআইডি করা সম্ভব?",nid_dual_citizenship_02
বিদেশে থেকে দূতাবাসের মাধ্যমে এনআইডি করার ধাপগুলো কী?,nid_dual_citizenship_02_followup_a
দূতাবাসে আবেদন করতে কোন কোন কাগজপত্র লাগে?,nid_dual_citizenship_02_followup_b
আবেদন জমার পর স্ট্যাটাস কীভাবে অনুসরণ করবো?,nid_dual_citizenship_02_followup_c
কার্ড বা পরবর্তী সেবা কোথা থেকে গ্রহণ করতে হবে?,nid_dual_citizenship_02_followup_d
আমার সন্তানের জন্ম বিদেশে কিন্তু বাংলাদেশে ভোটার করতে চাই। কিভাবে করব?,nid_dual_citizenship_03
বিদেশে জন্ম নেওয়া সন্তানের বাংলাদেশে ভোটার করতে কোন ডকুমেন্ট লাগবে?,nid_dual_citizenship_03_followup_a
বিদেশে জন্ম নেওয়া সন্তানের বাংলাদেশে ভোটার করতে জন্মনিবন্ধন ও নাগরিকত্ব প্রমাণে কোন দলিল বাধ্যতামূলক?,nid_dual_citizenship_03_followup_b
মাইগ্রেশন করতে কত টাকা লাগে?,nid_fee_01
মাইগ্রেশন করতে ফি কোন কোন মাধ্যমে পরিশোধ করা যায়?,nid_fee_01_followup_b
এনআইডিতে ছবি পরিবর্তন করবো কত টাকা ফি দিতে হবে?,nid_fee_02
এনআইডিতে ছবি পরিবর্তন ফি কোন কোন মাধ্যমে পরিশোধ করা যায়?,nid_fee_02_followup_b
Bio-update এর জন্য ফি কত?,nid_fee_03
Bio-update এর জন্য ফি কোন কোন মাধ্যমে পরিশোধ করা যায়?,nid_fee_03_followup_b
"ভুলবশত অন্য কারো এনআইডিতে টাকা চলে গেছে, সেই টাকা ফেরৎ পাব কিভাবে?",nid_fee_04
সার্ভার কপির জন্য কোন ফি দিতে হয় কিনা?,nid_fee_05
সার্ভার কপির জন্য ফি কোন কোন মাধ্যমে পরিশোধ করা যায়?,nid_fee_05_followup_b
নতুন নিবন্ধনের জন্য কোন ফি দিতে হবে কিনা?,nid_fee_06
নতুন নিবন্ধনের জন্য ফি কোন কোন মাধ্যমে পরিশোধ করা যায়?,nid_fee_06_followup_b
Match Found ঠিক করার জন্য কি কোন ফি দিতে হবে?,nid_fee_07
Match Found ঠিক করার জন্য ফি কোন কোন মাধ্যমে পরিশোধ করা যায়?,nid_fee_07_followup_b
ফি সংক্রান্ত বিষয়ে আপনাদের ওয়েবসাইটে কি কোন তথ্য দেওয়া আছে?,nid_fee_08
আমি আমার Smart Card হারিয়ে ফেলেছি। এক্ষেত্রে ফি দিয়ে কি দ্বিতীয় বারের মত কি ধরনের কার্ড পাব?,nid_fee_09
"কোন কোন মোবাইল ব্যাংকিং এর মাধ্যমে ""জাতীয় পরিচয়পত্র সেবা ফি"" পরিশোধ করা যায়?",nid_fee_payment_channels_01
আমার এনআইডি'র বিপরীতে যে সেবা ফি পরিশোধ করেছি তা কি ব্যবহৃত হয়েছে?,nid_fee_usage_status_01
"আমি ভুল করে অন্যের এনআইডি'র বিপরীতে যে সেবা ফি পরিশোধ করেছি, রিফান্ডের ব্যবস্থা আছে কি?",nid_fee_wrong_nid_refund_01
"জাতীয় পরিচয়পত্র থাকা সত্ত্বেও আঙ্গুলের ছাপ না মেলার কারণে মোবাইল সিম কিনতে পাচ্ছি না, করণীয় কি?",nid_fingerprint_mismatch_sim_issue_01
আমার এনআইডি card এ অন্য ব্যক্তির তথ্য চলে এসেছে। কিভাবে সংশোধন করা যাবে?,nid_information_misentry_correction_procedure
"আমি একবারই ভোটার হয়েছি কিন্তু কোথাও যাচাই করতে পারছি না, জানতে পারলাম এনআইডি MATCH FOUND হয়েছে, কিভাবে সমাধান পেতে পারি?",nid_match_found_verification_failed_how_to_solve
ভোট দিতে কি স্মার্ট কার্ডের প্রয়োজন হয়?,nid_misc_01
অনলাইন ছাড়া আর কিভাবে আবেদন করা যেতে পারে?,nid_misc_02
এনআইডি নম্বর কি পরিবর্তন করা যায়?,nid_misc_03
জীবিত ব্যক্তির এনআইডিতে মৃত স্ট্যটাস থাকলে করনীয় কি?,nid_misc_04
মৃত ব্যক্তির তথ্য কিভাবে সংগ্রহ করতে পারি?,nid_misc_05
এনআইডি কার্ড বাতিল করা যাবে কি না?,nid_misc_06
আমি এতিমখানায় বড় হয়েছি। আমার পিতা-মাতার পরিচয় নেই। আমি কি ভোটার হতে পারবো?,nid_misc_07
"আমার আঙ্গুল নাই, ট্যাক্স জমা দিতে পারছি না, করণীয় কি?",nid_missing_finger_tax_issue_01
"আমার আঙ্গুলের ছাপ নাই, সিম কিনতে পারছি না, করণীয় কি?",nid_missing_fingerprint_sim_issue_01
স্বামীর ঠিকানায় ভোটার হতে কি কি কাগজপত্র লাগে?,nid_new_registration_01
পিতামাতার সাথে সম্পর্ক নেই ফলে তাঁদের এনআইডি'র কপি প্রদান করা সম্ভব হচ্ছেনা। এমতাবস্থায় নতুন নিবন্ধন করতে বা ভোটার হতে কি কি কাগজপত্র জমা দিতে হবে?,nid_new_registration_02
"আমার ফরম নম্বর হারিয়ে গেছে এখন নাম, জন্মতারিখ, জন্মনিবন্ধন নম্বর দিয়ে ডাউনলোড করতে পারবো?",nid_new_registration_03
অনলাইনে না হলে অফিস থেকে তথ্য পুনরুদ্ধারের উপায় কী?,nid_new_registration_03_followup_c
নতুন ভোটার নিবন্ধন বিষয়ে এই সেবার জন্য কোথায় যোগাযোগ করবো?,nid_new_registration_03_followup_d
Match Found হয়ে আছে নতুন ভোটার এ আবেদন করার পর এনআইডি পাচ্ছিনা কি করতে হবে?,nid_new_registration_04
Match Found হয়ে আছে নতুন ভোটার এ আবেদন করার পর সমাধানের অগ্রগতি কীভাবে ট্র্যাক করবো?,nid_new_registration_04_followup_d
এনআইডি পোর্টাল থেকে নতুন ভোটারের আবেদন করলে তথ্য ভুল হলে আবেদন কিভাবে বাতিল করা যায়?,nid_new_registration_05
এনআইডি পোর্টাল থেকে কি ভোটার নাম্বার পাওয়া যায়?,nid_new_registration_06
"এনআইডি পোর্টাল এ একটি ড্রাফট এপ্লিকেশন আছে, এই ড্রাফট এপ্লিকেশন কিভাবে বাতিল করবো?",nid_new_registration_07
বৈবাহিক সূত্রে কোন বিদেশি নাগরিকের এনআইডি পাওয়ার সুযোগ আছে কি?,nid_opportunity_for_foreign_spouse
পোস্টাল ভোট বিডি অ্যাপে রেজিষ্ট্রেশনের সময় NID কার্ডের ছবি তোলার সময় কী খেয়াল রাখতে হবে?,nid_photo_guidelines
"আমি বিদেশে থাকি, জাতীয় নির্বাচনে কীভাবে ভোট দিবো?",nid_postal_vote_abroad_01
প্রবাসী ভোটার নিবন্ধনের সময় কি প্রবাসীদের বর্তমান ঠিকানা দেওয়া লাগবে?,nid_probashi_address_requirement_01
"আমি একজন প্রবাসী, আমি এনআইডি করার জন্য অনলাইনে আবদেন করেছি, যে দিন বায়োমেট্রিক দিতে মিশন অফিসে যাই, জানতে পারি আমার আবেদন রিজেক্ট করা হয়েছে। এখন আমার করনীয় কী?",nid_probashi_application_rejected_01
"আমি একজন প্রবাসী, আমি ভুল করে দ্বিতীয় বার ভোটার হবার কারনে আবেদন রিজেক্ট করা হয়েছে, এখন আমি কিভাবে আমার আগের জাতীয় পরিচয় পত্রের নম্বর জানতে পারবো?",nid_probashi_application_rejected_02
"প্রবাসীদের আবেদন New Online Approval Pending থাকলে, কে তদন্ত পাঠাবে?",nid_probashi_approval_pending_01
"আমি একজন প্রবাসী, New Online Approval Pending আছে, জরুরি পাওয়ার জন্য অন্য ব্যক্তি যোগাযোগ করলে হবে?",nid_probashi_approval_pending_02
"আমি এম্বাসিতে বায়োমেট্রিক দিয়েছি, এম্বাসি থেকে বলেছে ডাটা আপলোড করেছে কিন্তু এখনো Uploading অবস্থায় আছে। সমাধান কি?",nid_probashi_biometric_status_01
Uploading অবস্থায় থাকলে ব্যক্তির পরিবর্তে অন্য কেউ যোগাযোগ করলে হবে?,nid_probashi_biometric_status_02
"আমি একজন প্রবাসী, আমি প্রবাসে বায়োমেট্রিক দিয়েছি, Uploading অবস্থায় আছে। বাংলাদেশে কোথায় যোগাযোগ করব?",nid_probashi_biometric_status_03
"আমি একজন প্রবাসী, প্রবাসে বায়োমেট্রিক দেওয়া হয়েছে, Investigation Report প্রদানের জন্য হেড অফিসে যোগাযোগ করলে হবে?",nid_probashi_biometric_status_04
"আমি একজন প্রবাসী, আমি বর্তমান বাংলাদেশে আছি, Investigation Done স্টাটাস থেকে আপলোড হচ্ছে না করণীয়?",nid_probashi_biometric_status_05
বিদেশ থেকে কি এনআইডি'র তথ্য পরিবর্তন করতে পারবো?,nid_probashi_correction_abroad_01
বৈবাহিক সূত্রে আবদ্ধ বিদেশী নাগরিক কি বাংলাদেশী এনআইডি আবেদন করতে পারবে?,nid_probashi_eligibility_01
প্রবাসীদের এনআইডি আবেদন করতে কি শুধু বাংলাদেশী মোবাইল নম্বর লাগবে?,nid_probashi_registration_01
নতুন এনআইডি কার্ডের আবেদন ফরম পূরন করার সময় ভুল তথ্য সাবমিট করে ফেলেছি করণীয় কি?,nid_probashi_registration_02
আবেদন ফরম পূরণ করার সময় আমার ডাকঘরটি খুঁজে পাইনি এক্ষেত্রে করনীয় কি?,nid_probashi_registration_03
কত বছর বয়স হলে জাতীয় পরিচয়পত্রের আবেদন করতে পারবো?,nid_probashi_registration_04
নতুন এনআইডি কার্ডের আবেদন ফরম পূরন করার সময় কোনো ডকুমেন্টস আপলোড করতে হবে কি?,nid_probashi_registration_05
বায়োমেট্রিক প্রদানের জন্য অ্যাপয়েন্টমেন্ট কিভাবে নিবো?,nid_probashi_registration_06
প্রবাসীদের এনআইডি এর জন্য ফিঙ্গারপ্রিন্ট কিভাবে দিবো?,nid_probashi_registration_07
বর্তমানে কোন কোন দেশে NID কার্যক্রম চালু আছে?,nid_probashi_service_countries_01
আমি প্রবাসে ভোটার হয়েছি। এনআইডি নম্বরও পেয়েছি। এখন স্মার্ট কার্ড পেতে কতদিন লাগবে?,nid_probashi_smart_card_01
"প্রবাসে ছবি তুলেছি, বর্তমানে আমি বাংলাদেশে আছি। আমি কি আমার স্মার্ট কার্ড বাংলাদেশ থেকে নিতে পারবো?",nid_probashi_smart_card_02
"আমি একজন প্রবাসী, নির্ধারিত সময়ে স্মার্ট কার্ড নিতে পারিনি। এখন কোথা থেকে নিতে পারবো?",nid_probashi_smart_card_03
"আমি দেশে ভোটার হয়েছি, বর্তমানে আমি প্রবাসে অবস্থান করছি। প্রবাস থেকে স্মার্ট কার্ড পাওয়ার কোনো আবেদন আছে কি?",nid_probashi_smart_card_04
স্মার্ট কার্ড এর মেয়াদ কতো দিন?,nid_probashi_smart_card_05
স্মার্ট কার্ড নষ্ট হয়ে গেলে করনীয় কি?,nid_probashi_smart_card_06
আমার স্মার্ট কার্ড হারিয়ে গেছে। এখন অন্য কেউ আপনার কার্ড দিয়ে কোনো অনৈতিক সুবিধা নিতে পারবে কি?,nid_probashi_smart_card_07
বিদেশে ভোটার হয়ে আমি বর্তমানে দেশে ফিরে এসেছি। জানতে পেরেছি আমার স্মার্ট কার্ড এম্বাসিতে আছে। আমার ছোটো ভাই আমার পক্ষে স্মার্ট কার্ড সংগ্র্রহ করতে পারবে কি?,nid_probashi_smart_card_08
"বিদেশে ভোটার হয়েছি, এখন স্মার্ট এনআইডি কোথায় পাবো- দূতাবাসে নাকি বাংলাদেশের ঠিকানায়?",nid_probashi_smart_card_09
স্মার্ট কার্ডের চিপ নষ্ট হলে আমার তথ্যগুলো কি সব হারিয়ে যাবে?,nid_probashi_smart_card_10
প্রবাসীরা কি ভোটার লিস্টে অন্তর্ভুক্ত হবেন?,nid_probashi_voter_list_01
নতুন এনআইডি নিবন্ধনের জন্য বয়স কত হতে হয়?,nid_registration_age
রি- ইস্যু আবেদনের জন্য কোন ওয়েব সাইটে গিয়ে আবেদন করতে হবে?,nid_reissue_01
রি- ইস্যু আবেদন ফি কিভাবে দিব?,nid_reissue_02
রি- ইস্যু আবেদন ফি কোন কোন মোবাইল ব্যাংকিং বা পেমেন্ট চ্যানেল গ্রহণযোগ্য?,nid_reissue_02_followup_b
রি- ইস্যু আবেদন ফি  জমার পর ট্রানজেকশন যাচাই কীভাবে করবো?,nid_reissue_02_followup_c
রি- ইস্যু সাধারন আবেদন ফি কত?,nid_reissue_03
রি- ইস্যুর সাধারন আবেদন করেছি এখন কার্ডটি আমার আর্জেন্ট লাগবে কিভাবে করতে পারবো?,nid_reissue_04
রি- ইস্যুর আবেদনের sms এসেছে এখন আমি কার্ড কোথায় থেকে সংগ্রহ করবো?,nid_reissue_05
রি- ইস্যুর আবেদনের sms এসেছে রি-ইস্যু অনুমোদনের SMS এ কোন অফিস বা কেন্দ্রের তথ্য থাকে?,nid_reissue_05_followup_a
রি- ইস্যুর আবেদনের sms এসেছে কার্ড সংগ্রহের সময় কী কী কাগজপত্র সঙ্গে নিতে হবে?,nid_reissue_05_followup_b
রি- ইস্যুর আবেদনের sms এসেছে নিজে যেতে না পারলে প্রতিনিধি দিয়ে সংগ্রহ করা যাবে কি?,nid_reissue_05_followup_c
রি- ইস্যুর আবেদনের sms এসেছে নির্ধারিত সময়ে সংগ্রহ না করলে করণীয় কী?,nid_reissue_05_followup_d
রি -ইস্যুর আবেদন অনলাইনে নাকি অফলাইনে করবো?,nid_reissue_06
আমার কাছে এনআইডি কোন কপি বা নাম্বার কিছুই নাই সেক্ষেত্রে রি-ইস্যু আবেদন করতে পারবো কিভাবে?,nid_reissue_07
সংশোধনের আবেদন ও রি -ইস্যুর আবেদন কী একই সাথে করা যাবে?,nid_reissue_08
রি-ইস্যু আবেদন প্রক্রিয়া কাদের জন্য প্রযোজ্য?,nid_reissue_09
রি-ইস্যু আবেদন কোন কোন কর্মকর্তা নিষ্পত্তি করেন?,nid_reissue_approvers_01
ধর্মান্তরের কারণে ধর্ম পরিবর্তন করতে কি কি দলিলাদি প্রয়োজন?,nid_religion_change_documents_01
এনআইডি ছাড়া পোস্টাল ভোট দিতে পারব কি?,nid_required_for_postal_vote
"আমার শুধু পাসপোর্ট আছে, আমি কি পোস্টাল ভোট বিডি অ্যাপে নিবন্ধন করতে পারব?",nid_required_for_registration
"আমার শুধু পাসপোর্ট আছে, আমি কি পোস্টাল ভোট বিডি অ্যাপের মাধ্যমে ভোটে অংশগ্রহণ করতে পারব?",nid_required_for_registration
মেয়াদোত্তীর্ণ জাতীয় পরিচয়পত্র পূনঃনিবন্ধন ফি কত টাকা?,nid_reregistration_fee_01
জাতীয় পরিচয়পত্রের বৈধতার মেয়াদ শেষ হওয়ার কতদিন পূর্বে পূনঃনিবন্ধের আবেদন করতে হয়?,nid_reregistration_timing_01
আমার স্মার্ট কার্ড প্রিন্ট হয়েছে কি?,nid_smart_card_print_status_01
পোস্টাল ভোট বিডি অ্যাপে NID যাচাইকরণ কী?,nid_verification_definition
পোস্টাল ভোট বিডি অ্যাপে NID যাচাইকরণ ব্যর্থ হলে কী করব?,nid_verification_failed
"আমার ভোট কেন্দ্র অনেক দূরে, আমি কি আমার বাড়ির পাশের কেন্দ্রে ভোট দিতে পারবো?",nid_vote_center_change_01
NID কার্ড ছাড়া কি ভোট দিতে পারবো?,nid_vote_without_card_01
ভোটার এলাকা স্থানান্তর করতে কত টাকা ফি প্রদান করতে হয়?,nid_voter_area_transfer_01
আমি ভোটার এলাকা স্থানান্তর করতে কোন এলাকায় যোগাযোগ করবো?,nid_voter_area_transfer_02
ভোটার এলাকা স্থানান্তরের ফরম নম্বর কত?,nid_voter_area_transfer_03
ভোটার এলাকা স্থানান্তরের ১৩ নম্বর ফরম কি অনলাইনে পাওয়া যায় নাকি উপজেলা নির্বাচন অফিস থেকে সংগ্রহ করতে হবে?,nid_voter_area_transfer_04
আমি ভোটার এলাকা স্থানান্তর করতে চাই। আমার নামের কিছু আংশিক পরিবর্তন করতে হবে। আমি কি একসাথে আবেদন করতে পারব?,nid_voter_area_transfer_05
আমি স্থায়ী ঠিকানায় ভোটার। আমি ভোটার স্থানান্তর করলে কি স্থায়ী ঠিকানা পরিবর্তন হয়ে যাবে?,nid_voter_area_transfer_06
আমি পূর্বে স্মার্ট কার্ড পেয়েছিলাম। আমি ঠিকানা পরিবর্তন করেছি। আমি কি পূনরায় স্মার্ট কার্ড পাবো?,nid_voter_area_transfer_07
এনআইডি Wallet কোথায় পাবো?,nid_wallet_download
"এনআইডি Wallet ডাউনলোড করতে পারছি না, অন্য কোন উপায় আছে কি?",nid_wallet_download_alternative
"আমার Android ফোন নাই, iPhone আছে এনআইডি Wallet ডাউনলোড করবো কিভাবে?",nid_wallet_download_iphone
"আমার Android ফোন নেই, এনআইডি Wallet ডাউনলোড এর কাজ কিভাবে করবো?",no_android_phone
"সংশোধনের মেসেজ পেয়েছি কিন্তু কার্ড ডাউনলোড করতে পারছি না, অপশন নাই।",no_download_option_after_correction
এনআইডি Wallet এ ফেস ভেরিফিকেশন করতে পারছি না।,no_face_verification
ফেস ভেরিফিকেশন কতবার চেষ্টা করা যায়?,no_face_verification_followup_b
"আগের আইডি কার্ডে স্বামীর নাম ছিলো, স্মার্ট কার্ডে স্বামীর নাম নাই, কেন?",no_husband_name_in_smart_card
"এনআইডি অনলাইন রেজিষ্ট্রেশন করার চেষ্টা করছি, মোবাইলে ওটিপি আসছে না, কি করণীয়?",no_otp_in_registration
"আমি OTP পাচ্ছি না, কতো সময় পর আসবে?",no_otp_in_registration
ভোটার এলাকায় নিজের বাড়ি না থাকলে কি ভোটার হওয়া যাবে?,no_own_house_in_voter_area
"আমার এনআইডি এর ঠিকানায় উপজেলার ঘর ফাঁকা, অনলাইনে রেজিষ্ট্রেশন করতে পারছি না।",no_upzila_in_online_registration
আমার এনআইডি এর ঠিকানায় উপজেলার ঘর ফাঁকা অফিসে যাওয়ার সময় কোন কোন কাগজপত্র সঙ্গে নিতে হবে?,no_upzila_in_online_registration_followup_b
"স্থায়ী ঠিকানায় উপজেলা দেওয়া নাই, করনীয় কি?",no_upzila_in_permananet_address
"আমার পরে ভোটার হয়েছে, তারা স্মার্ট কার্ড পেয়েছে কিন্তু আমি পাইনি, কি করবো?",not_getting_smart_card_though_newer_voter_getting
পোস্টাল ভোট বিডি অ্যাপে নোটিফিকেশন মেনুতে কী পাব?,notification_menu_contents
পোস্টাল ভোট বিডি অ্যাপে নোটিফিকেশন স্ক্রিন কী তথ্য প্রদান করে?,notification_screen_info
প্রবাসী এনআইডি বা ভোটার নিবন্ধনের জন্য এম্বাসী/দূতাবাসে আবেদন জমা দিয়ে এসেছি। বর্তমান অবস্থা কি?,nrb_application_status
"পুরাতন জন্ম সনদ আছে, যা অনলাইনে নাই, কিন্তু সংশোধন আবেদনের সাথে জন্ম নিবন্ধন জমা দিতে হবে, কি করবো?",old_birth_certificate
পুরাতন জন্ম সনদগুলোর মূল কপি নাকি ফটোকপি লাগবে?,old_birth_certificate_followup_a
পুরাতন জন্ম সনদগুলোর মধ্যে কোনোটি না থাকলে বিকল্প হিসেবে কী দেওয়া যাবে?,old_birth_certificate_followup_b
এনআইডি সংশোধনের অনলাইন আবেদন করার পর স্ট্যাটাস কোথায় দেখে নিতে পারবো?,old_birth_certificate_followup_c
এনআইডি সংশোধনের অনলাইন ফর্ম পূরণের সময় ভুল হলে কীভাবে ঠিক করবো?,old_birth_certificate_followup_d
এক ডিভাইসে পোস্টাল ভোট অ্যাপ দ্বারা কতজন ভোট দিতে পারবে?,one_device_one_voter
একটি মোবাইল নম্বর দিয়ে কতবার রেজিষ্ট্রেশন করতে পারবো?,one_mobile_number_how_many_time_registration
"সংশোধনের আবেদনের অবস্থা জানতে চেয়ে ১০৫ এ ফোন করেছি, উপজেলা নির্বাচন অফিসে যোগাযোগ করতে বলেছে, কিন্তু আমি উক্ত এলাকায় থাকিনা, কি করবো?",one_zero_five_upzila_office_contact
"সংশোধনের আবেদন করেছি অনেকদিন আগে এখনো ""আপনার একটি আবেদন পেন্ডিং আছে"" মেসেজ দেখাচ্ছে, এখন কি করবো?",online_application_pending
"অনেকদিন হয়ে গেছে রিইস্যু আবেদন করেছি এখনো পেন্ডিং দেখাচ্ছে, কতদিন লাগবে?",online_application_pending
অনলাইনে কি ধরণের আবেদন করা যায়?,online_apply
অনলাইনে করা আবেদনের স্ট্যাটাস কীভাবে যাচাই করা যায়?,online_apply_followup_d
এনআইডি সংশোধনের জন্য অনলাইনে আবেদন করার ঠিকানা/ অ্যাড্রেস কি?,online_card_correction
"এনআইডি কারেকশন করবো, কোন ওয়েবসাইটে ঢুকতে হবে?",online_card_correction
এনআইডি পোর্টালের এড্রেস জানতে চাই।,online_card_correction_2
এনআইডি পোর্টালের অফিসিয়াল ওয়েব ঠিকানাটি কী?,online_card_correction_2_followup_a
এনআইডি অনলাইন পোর্টালে নতুন একাউন্ট খোলার ধাপগুলো কী?,online_card_correction_2_followup_b
"কার্ড সংশোধনের জন্য অনলাইনে আবেদন করেছি, এখন কি করবো?",online_card_correction_application_done_now_what
এনআইডি অনলাইন পোর্টালে লগইন বা রেজিস্ট্রেশন কীভাবে করতে হবে?,online_card_correction_followup_b
এনআইডি সংশোধনের জন্য আবেদন করার পর স্ট্যাটাস কোথায় দেখে নিতে পারবো?,online_card_correction_followup_d
এনআইডি অনলাইন পোর্টালে নতুন ভোটারের জন্য কিভাবে আবেদন করবো?,online_new_voter_registration
এনআইডি অনলাইন পোর্টালে আবেদন করার পর স্ট্যাটাস কোথায় দেখে নিতে পারবো?,online_new_voter_registration_followup_a
এনআইডি অনলাইন পোর্টালের আবেদন ফর্ম পূরণের সময় ভুল হলে কীভাবে ঠিক করবো?,online_new_voter_registration_followup_b
এনআইডি অনলাইন পোর্টালে আবেদন করার প্রক্রিয়াটি ধাপে ধাপে বুঝিয়ে বলবেন?,online_new_voter_registration_followup_d
অনলাইনে কি ধরণের আবেদন করা যায় না?,online_no_apply
কোন আবেদন অনলাইনে করা না গেলে এন আই ডি সংক্রান্ত আবেদন করতে হলে কোন অফিসে সরাসরি যোগাযোগ করতে হবে?,online_no_apply_followup_b
কোন আবেদন অনলাইনে করা না গেলে সাধারণত কী কী কাগজপত্র সঙ্গে নিতে হয়?,online_no_apply_followup_c
এনআইডি অনলাইন পোর্টালে রেজিষ্ট্রেশন করবো কিভাবে?,online_portal_registration
এনআইডি অনলাইন পোর্টালে রেজিস্ট্রেশন শুরু করতে কী কী তথ্য প্রয়োজন?,online_portal_registration_followup_a
রেজিস্ট্রেশনের সময় OTP না এলে কী করণীয়?,online_portal_registration_followup_b
এনআইডি অনলাইন পোর্টালে রেজিস্ট্রেশনে পাসওয়ার্ড ভুলে গেলে বা হারিয়ে গেলে কীভাবে রিসেট করবো?,online_portal_registration_followup_c
রেজিস্ট্রেশন সম্পন্ন হওয়ার পর  লগইন কীভাবে করবো?,online_portal_registration_followup_d
এনআইডি অনলাইন পোর্টালে পূর্বে রেজিষ্ট্রেশন করেছিলাম এখন কিভাবে লগ-ইন করবো?,online_previously_registered
আগের ইউজার আইডি ভুলে গেলে কীভাবে তা উদ্ধার করবো?,online_previously_registered_followup_a
পোস্টাল ভোট বিডি অ্যাপে OTP আসতে কতক্ষণ সময় লাগে?,otp_delivery_time
পোস্টাল ভোট বিডি অ্যাপে OTP কোডটি কোথায় লিখব?,otp_entry_screen
পোস্টাল ভোট বিডি অ্যাপে OTP কত ডিজিটের হবে?,otp_length
পোস্টাল ভোট বিডি অ্যাপে OTP না আসলে কি করব?,otp_not_received
পোস্টাল ভোট বিডি অ্যাপে OTP পাঠাতে কী বাটন ক্লিক করব?,otp_send_button
"পিতা-মাতার এনআইডি নাই, ভোটার হতে পারছি না, কি করবো?",parent_no_card_failed_to_be_voter
"পিতা/মাতা মৃত হওয়ায় তাঁদের এনআইডি নাই, ভোটার হতে পারছি না, কি করবো?",parent_no_card_failed_to_be_voter
পিতা বা মাতা বা স্বামী বা স্ত্রীর এনআইডি নম্বর পরিবর্তন করতে চাই।,parent_spouse_name_correct_or_add_document_new
এনআইডি কার্ডে পিতা-মাতার নাম সংশোধনের জন্য কি ডকুমেন্টস লাগবে?,parents_name_correction_new
এনআইডি কার্ডে পিতার নাম সংশোধনের জন্য কি ডকুমেন্টস লাগবে?,parents_name_correction_new
এনআইডি কার্ডে মাতার নাম সংশোধনের জন্য কি ডকুমেন্টস লাগবে?,parents_name_correction_new
এনআইডি কার্ডে পিতা-মাতার নাম সংশোধনের জন্য ডকুমেন্টগুলোর মূল কপি নাকি ফটোকপি লাগবে?,parents_name_correction_new_followup_a
এনআইডি কার্ডে পিতা-মাতার নাম সংশোধনের জন্য ডকুমেন্টগুলোর মধ্যে কোনোটি না থাকলে বিকল্প হিসেবে কী দেওয়া যাবে?,parents_name_correction_new_followup_b
"পিতা/মাতা/স্বামীকে ""মৃত"" উল্লেখ করতে চাইলে কি কি সনদ দাখিল করতে হয়?",parents_or_spouse_death_related_documents_to_declare_death
পোস্টাল ভোট বিডি অ্যাপে রেজিষ্ট্রেশনের সময় পাসপোর্টের কী কী তথ্য দিতে হবে?,passport_info_required
"পাসপোর্ট নম্বর সংযোজন বা সংশোধন করতে, কি ডকুমেন্টস লাগে?",passport_number_correct_or_add_document_new
পাসপোর্ট নম্বর সংযোজন বা সংশোধন করতে ডকুমেন্টগুলোর মূল কপি নাকি ফটোকপি লাগবে?,passport_number_correct_or_add_document_new_followup_a
পাসপোর্ট নম্বর সংযোজন বা সংশোধন করতে ডকুমেন্টগুলোর মধ্যে কোনোটি না থাকলে বিকল্প হিসেবে কী দেওয়া যাবে?,passport_number_correct_or_add_document_new_followup_b
পাসপোর্ট নম্বর সংযোজন বা সংশোধনের আবেদন কি অনলাইনে করা যায়?,passport_number_correct_or_add_document_new_followup_c
পোস্টাল ভোট বিডি অ্যাপে দেওয়ার জন্য পাসপোর্ট নম্বর মনে না থাকলে কী করব?,passport_number_optional
পোস্টাল ভোট বিডি অ্যাপে কত বার পাসওয়ার্ড পরিবর্তন করতে পারি?,password_change_frequency
পোস্টাল ভোট বিডি অ্যাপে পাসওয়ার্ড পরিবর্তনের প্রক্রিয়া কী?,password_change_process
পোস্টাল ভোট বিডি অ্যাপে পাসওয়ার্ডে অবশ্যই কী কী থাকতে হবে?,password_character_requirements
পোস্টাল ভোট বিডি অ্যাপে রেজিষ্ট্রেশনের সময় কত অক্ষরের পাসওয়ার্ড প্রয়োজন?,password_min_length
পোস্টাল ভোট বিডি অ্যাপে পাসওয়ার্ড কেমন হতে হবে?,password_requirements
পোস্টাল ভোট বিডি অ্যাপে পাসওয়ার্ড রিসেট করতে কী তথ্য প্রয়োজন?,password_reset_required_info
পাসওয়ার্ড রিসেট করতে পোস্টাল ভোট বিডি অ্যাপে কত সময় লাগে?,password_reset_time
পোস্টাল ভোট বিডি অ্যাপে ব্যবহৃত পাসওয়ার্ড কাউকে বলতে পারি কি?,password_sharing_warning
পাসওয়ার্ড সাবমিটের পর পোস্টাল ভোট বিডি অ্যাপে কি দেখা যাবে?,password_submit_success_page
স্থায়ী ঠিকানা পরিবর্তন বা সংশোধনের জন্য কতো ফি দিতে হয়?,permanent_address_change_fees
ঠিকানা পরিবর্তনের আবেদন করলে কি ফি দিতে হয়?,permanent_address_change_fees
স্থায়ী ঠিকানা পরিবর্তন করতে কতদিন সময় লাগে?,permanent_address_change_process_duration
স্থায়ী ঠিকানা পরিবর্তনের জন্য কি কি কাগজপত্র লাগে?,permanent_address_new
স্থায়ী ঠিকানা পরিবর্তনের জন্য কাগজপত্রের মূল কপি নাকি ফটোকপি লাগবে?,permanent_address_new_followup_a
স্থায়ী ঠিকানা পরিবর্তনের জন্য কাগজপত্রের মধ্যে কোনোটি না থাকলে বিকল্প হিসেবে কী দেওয়া যাবে?,permanent_address_new_followup_b
স্থায়ী ঠিকানা সংশোধনের আবেদন কি অনলাইনে করা যাবে?,permanent_address_update_procedure
বর্তমান ঠিকানা সংশোধনের আবেদন কি অনলাইনে করা যাবে?,persent_address_correction_procedure
"আমার আইডি কার্ড এর ছবি অস্পষ্ট, ছবি পরিবর্তন করতে হলে কি করা দরকার?",photo_correction
"ছবি তুলেছি অনেক বছর আগে এখনো আইডি কার্ড পাইনি, কি করবো?",photo_done_years_ago_but_no_card
"ছবি/ স্বাক্ষর পরিবর্তনের জন্য আবেদন করেছিলাম, এখনো অনুমোদন হয়নি, কেন?",photo_signature_change_application_not_approved
"ছবি তুলতে যাওয়ার এসএমএস পেয়েছি, কিন্তু উপজেলাতে যাওয়া সম্ভব নয়, আমি কি অন্য কোথাও থেকে ছবি তুলতে পারবো?",photo_sms_but_not_in_upzila_other_when
"ছবি তোলার সময় প্রদত্ত প্রাপ্তি রশিদ হারিয়েছি, কিভাবে এনআইডি পাবো?",picture_done_but_lost_or_no_sms_slip
"ছবি তুলেছি অনেক আগে স্লিপ হারিয়ে ফেলেছি, কি করবো?",picture_done_but_lost_or_no_sms_slip
পোস্টাল ভোট বিডি অ্যাপে পলিসি মেনুতে কী পাব?,policy_menu_contents
পোস্টাল ব্যালট পেপারে ভোট দেওয়ার পর অ্যাপে কী করতে হয়?,post_ballot_vote_confirmation
পোস্টাল ভোট বিডি অ্যাপে লগইন করার পর কি করতে পারব?,post_login_capabilities
পোস্টাল ভোট বিডি অ্যাপে লগইন করার পর পরবর্তী পেজ খুলছে না কি করব?,post_login_page_not_loading
পোস্টাল ভোট বিডি অ্যাপে QR স্ক্যানের পর লাইভনেস চেকআপ কেন প্রয়োজন?,post_qr_liveness_requirement
পোস্টাল ভোট বিডি অ্যাপে রেজিষ্ট্রেশনের পর পাসওয়ার্ড ভুলে গেলে কি করব?,post_registration_password_reset
পোস্টাল ভোট বিডি অ্যাপে তথ্য জমা দেওয়ার পর কী হয়?,post_submission_verification
পোস্টাল ভোট বিডি অ্যাপ ব্যবহারের আগে কী করার পরামর্শ দেওয়া হয়?,pre_use_privacy_policy_read
পোস্টাল ভোট বিডি অ্যাপের মাধ্যামে ভোট দেওয়ার আগে কী ভিডিও দেখা বাধ্যতামূলক?,pre_voting_video_mandatory
পোস্টাল ভোট বিডি অ্যাপ ব্যবহারের জন্য কি ধরণের প্রস্তুতি নেওয়া উচিত?,preparation_before_app_use
"বর্তমান ঠিকানা সংশোধন করতে চাই, কি করণীয়?",present_address_change_procedure
বর্তমান ঠিকানা পরিবর্তনের জন্য কি করণীয়?,present_address_change_procedure
বর্তমান ঠিকানা পরিবর্তন করতে কতদিন সময় লাগে?,present_address_change_process_duration
বর্তমান ঠিকানার তথ্য সংশোধনের জন্য কি কি কাগজপত্র লাগে?,present_and_permanent_address_generic_new
"সংশোধন হওয়ার পর কার্ড ডাউনলোড করলে আগের তথ্য দেখায়, করণীয় কি?",previous_information_in_downloaded_card_after_correction
পোস্টাল ভোট বিডি অ্যাপে গোপনীয়তা এবং নীতিমালা মেনুটি কোথায় পাওয়া যায়?,privacy_policy_menu_location
পোস্টাল ভোট বিডি অ্যাপ ব্যবহারে কোনো সমস্যা হলে কী করার পরামর্শ দেওয়া হয়?,problem_help_suggestion
পোস্টাল ভোট বিডি অ্যাপে প্রক্রিয়া সম্পন্ন করতে কী কী প্রয়োজন?,process_requirements
আমি আমার পেশা পরিবর্তন করতে চাই কিন্তু কিভাবে করতে পারি?,profession_change
পোস্টাল ভোট বিডি অ্যাপে প্রোফাইল মেনুতে কী আছে?,profile_menu_contents
পাবলিক WiFi ব্যবহার করে পোস্টাল ভোট বিডি অ্যাপে লগইন করা নিরাপদ কি?,public_wifi_login_risk
"অনলাইনে এনআইডি একাউন্ট তৈরী করার পর একটি QR Code এসেছে, কি করবো?",qr_code_clarification
পোস্টাল ভোট বিডি অ্যাপে কখন QR স্ক্যান বাটন সক্রিয় হয়?,qr_scan_button_activation
পোস্টাল ভোট বিডি অ্যাপে QR কোড কীভাবে স্ক্যান করব?,qr_scan_instructions
পোস্টাল ভোট বিডি অ্যাপে QR কোড স্ক্যান করা কি বাধ্যতামূলক?,qr_scan_mandatory
"প্রাপ্তি রশিদ হারিয়ে ফেলেছি, কি করবো?",receipt_lost_how_to_get_new_card
প্রাপ্তি রশিদ হারিয়ে গেছে কিভাবে কার্ড উত্তোলন করবো?,receipt_lost_how_to_get_new_card
পোস্টাল ভোট বিডি অ্যাপে নিবন্ধন প্রক্রিয়া শুরু করতে কী করতে হবে?,registration_start_button
পোস্টাল ভোট বিডি অ্যাপে রেজিস্ট্রেশন শুরু করতে প্রথম কী করব?,registration_start_country_select
পোস্টাল ভোট বিডি অ্যাপে নিবন্ধন প্রক্রিয়ায় কয়টি ধাপ আছে?,registration_steps_count
"নতুন ভোটারের জন্য আবেদন করেছি, কিন্তু জন্ম নিবন্ধন অন্য ঠিকানায়, কি করণীয়?",reigister_as_new_voter_but_birth_registration_different_address
"আর্জেন্ট রি-ইস্যু আবেদন করেছিলাম ৭ কর্মদিবস শেষ হয়ে গেছে অনেক আগেই, এখনো কার্ড পাচ্ছি না কেনো?",reissue_apply_why_pending_and_urgent_reissue_seven_days_over
এনআইডি কার্ড রি-ইস্যুর জন্য কি কি সাপোর্টিং ডকুমেন্ট জমা দিতে হয়?,reissue_supporting_document
পোস্টাল ভোট বিডি অ্যাপ থেকে লগআউটের পর পুনরায় লগইন করার জন্য কী তথ্য প্রয়োজন?,relogin_credentials_required
রকেটে কিভাবে এনআইডি সংশোধন ফি জমা দিতে হয়?,rocket_mfs_payment_process
পোস্টাল ভোট বিডি অ্যাপের নিরাপত্তার জন্য কী পরামর্শ দেওয়া হয়?,security_best_practices
পোস্টাল ভোট বিডি এর নিরাপত্তা যাচাই ব্যর্থ হলে কি করব?,security_check_failed
পোস্টাল ভোট বিডি অ্যাপে সেলফি কীভাবে তুলতে হবে?,selfie_capture_guidelines
পোস্টাল ভোট বিডি অ্যাপে সেলফি কেন নিতে হয়?,selfie_required_reason
Smart Election Management BD কি?,sem_app_info_01
Smart Election Management BD অ্যাপটি কোথায় পাবো?,sem_app_info_02
Smart Election Management BD অ্যাপটিতে কি তথ্য থাকে?,sem_app_info_03
নির্বাচন কর্মকর্তাদের জন্য Smart Election Management BD এর সুবিধা কী?,sem_app_info_06
Smart Election Management BD ব্যবহার করলে কীভাবে স্বচ্ছতা বাড়ে?,sem_app_info_07
Smart Election Management BD কি অনলাইনে কাজ করে?,sem_app_info_08
Smart Election Management BD অ্যাপ এর মাধ্যমে কিভাবে নিজের তথ্য চেক করতে পারবো?,sem_app_info_09
Smart Election Management BD App এ কি সব ধরণের নির্বাচন এর তথ্য পাওয়া যায়?,sem_app_info_12
ভোটের দিন গৃহীত ভোটের হার জানার উপায় কি?,sem_app_info_13
Smart Election Management BD অ্যাপে কি প্রতিটি ভোটারের ইউনিক আইডি থাকে?,sem_app_info_14
পোস্টাল ভোট বিডি অ্যাপে পাসওয়ার্ড দেখতে চাইলে কি করব?,show_password
"স্বাক্ষর পরিবর্তন করতে চাই, কিভাবে করতে পারি?",signature_correction
আমার স্মার্ট কার্ড কি অন্য কেউ সংগ্রহ করতে পারবে?,smart_card_collect_by_other
স্মার্ট কার্ড তুলতে কি কি জমা দেওয়া লাগে?,smart_card_collection_fees
স্মার্ট কার্ড তুলতে কি ফি দেওয়া লাগবে?,smart_card_collection_fees
"আমার এলাকায় স্মার্ট কার্ড বিতরণ হয়েছে, কিন্তু আমার কার্ড আসেনি, কেন?",smart_card_distributed_in_my_area_but_my_card_not_received
স্মার্ট কার্ড নিতে কত টাকা লাগে?,smart_card_fee
কোথায় গেলে স্মার্ট কার্ড পাবো?,smart_card_from_where
"স্মার্ট কার্ড হারিয়ে গেছে, পুনরায় স্মার্ট কার্ড পেতে হলে কি করতে হবে?",smart_card_lost_how_to_get_new_one_again
"স্মার্ট কার্ড হারিয়ে গেছে, রিইস্যু আবেদন করলে কি নতুন স্মার্ট কার্ড পাবো?",smart_card_lost_reissue
কি কি কারণে স্মার্ট কার্ড প্রিন্ট নাও হতে পারে?,smart_card_print_problem
স্মার্ট কার্ড মুদ্রণ সম্পর্কে জানতে এসএমএস কিভাবে পাঠাবো?,smart_card_printing_status_sms_how
স্মার্ট কার্ড প্রিন্ট এবং বিতরণ করা হলে কি এসএমএস এর মাধ্যমে জানানো হবে?,smart_card_ready_sms
"কার্ড সংশোধনের জন্য ""স্মার্ট কার্ড"" অপশন সিলেক্ট করেছিলাম, কিন্তু পিডিএফ পেয়েছি, এখন স্মার্ট কার্ড কবে পাবো?",smart_card_selected_but_get_pdf
স্মার্ট কার্ড প্রিন্ট হয়েছে কি না কিভাবে জানবো?,smart_card_status
ছবি তোলার কতদিন পর এসএমএস পাবো?,sms_after_picture_how_many_days
"সংশোধন/ রি-ইস্যু আবেদন এর জন্য টাকা জমা দিয়েছি, কিন্তু আবেদন সাবমিট করার পূর্বেই টাকা ব্যবহার হয়ে গেছে, আবেদন সাবমিট করতে গেলে পুনরায় ফিস জমা দিতে বলছে, কেন?",softwere_bug_in_card_processing_system
এনআইডি কার্ডে স্বামীর নাম সংশোধনের জন্য কি ডকুমেন্টস লাগবে?,spouse_name_correction_new
এনআইডি কার্ডে স্ত্রীর নাম সংশোধনের জন্য কি ডকুমেন্টস লাগবে?,spouse_name_correction_new
এনআইডি কার্ডে স্বামীর নাম সংযোজনের জন্য কি ডকুমেন্টস লাগবে?,spouse_name_correction_new
এনআইডি কার্ডে স্ত্রীর নাম সংযোজনের জন্য কি ডকুমেন্টস লাগবে?,spouse_name_correction_new
স্বামীর নাম পরিবর্তন করতে কি ডকুমেন্টস লাগবে?,spouse_name_correction_new
এনআইডি কার্ডে স্বামীর নাম পরিবর্তন জন্য ডকুমেন্টগুলোর মূল কপি নাকি ফটোকপি লাগবে?,spouse_name_correction_new_followup_a
এনআইডি কার্ডে স্বামীর নাম পরিবর্তন জন্য ডকুমেন্টগুলোর মধ্যে কোনোটি না থাকলে বিকল্প হিসেবে কী দেওয়া যাবে?,spouse_name_correction_new_followup_b
"সংশোধনের জন্য আবেদন করেছি, এসএসসি সনদ চেয়েছে, কিন্তু আমি এসএসসি পাশ করি নি। কি করবো?",ssc_certificate_for_correction
পোস্টাল ভোট বিডি অ্যাপে শক্তিশালী পাসওয়ার্ড কেন প্রয়োজন?,strong_password_importance
"টিন নম্বর সংযোজন বা সংশোধন করতে, কি ডকুমেন্টস লাগে?",tin_number_correct_or_add_document
টিন নম্বর সংযোজন বা সংশোধন করতে ডকুমেন্টগুলোর মূল কপি নাকি ফটোকপি লাগবে?,tin_number_correct_or_add_document_followup_a
টিন নম্বর সংযোজন বা সংশোধন করতে ডকুমেন্টগুলোর মধ্যে কোনোটি না থাকলে বিকল্প হিসেবে কী দেওয়া যাবে?,tin_number_correct_or_add_document_followup_b
এনআইডি সংশোধনের অনলাইন আবেদন করার পর স্ট্যাটাস কোথায় দেখে নিতে পারবো?,tin_number_correct_or_add_document_followup_c
এনআইডি সংশোধনের অনলাইন ফর্ম পূরণের সময় ভুল হলে কীভাবে ঠিক করবো?,tin_number_correct_or_add_document_followup_d
বর্তমান ও স্থায়ী ঠিকানা কি একই সাথে পরিবর্তনের জন্য আবেদন করা সম্ভব?,together_present_and_permanent_address_change
পোস্টাল ভোট বিডি অ্যাপে ট্র্যাকিং স্ট্যাটাস কীভাবে বোঝা যায়?,tracking_status_meaning
Underaged হিসেবে এনআইডি কার্ডধারী ব্যক্তি কখন ভোটার হয়ে থাকেন?,underaged_card_holder_to_voter
"অনলাইনে ""অপ্রত্যাশিত সমস্যার জন্য দুঃখিত"" দেখাচ্ছে, কি করণীয়?",unexpected_online_problem
এনআইডি কার্ড সংশোধন হয়ে গেছে কিন্তু আইডি কার্ড কিভাবে পাবো?,updated_nid_after_correction
"নিজ নামে ইউটিলিটি বিল (পানি, বিদ্যুত, গ্যাস) নাই, ভোটার ঠিকানা পরিবর্তনের জন্য আবেদন করবো, করনীয় কি?",utility_bill_not_available_for_address_proof
ভোটার এলাকার ঠিকানা সংশোধন/ মাইগ্রেশন আবেদন সংক্রান্ত এর জন্য প্রয়োজনীয় কাগজপত্রের মূল কপি নাকি ফটোকপি লাগবে?,utility_bill_not_available_for_address_proof_followup_a
ভোটার এলাকার ঠিকানা সংশোধন/ মাইগ্রেশন আবেদন সংক্রান্ত এর জন্য প্রয়োজনীয় কাগজপত্রের মধ্যে কোনোটি না থাকলে বিকল্প হিসেবে কী দেওয়া যাবে?,utility_bill_not_available_for_address_proof_followup_b
ভোটার এলাকার ঠিকানা সংশোধন/ মাইগ্রেশন আবেদন সংক্রান্ত এর ফি কীভাবে জমা দিলে দ্রুত আপডেট হবে?,utility_bill_not_available_for_address_proof_followup_c
ভোটার এলাকার ঠিকানা সংশোধন/ মাইগ্রেশন আবেদন সংক্রান্ত এর ফি জমা দেওয়ার পর রসিদ/ট্রানজেকশন কীভাবে যাচাই করবো?,utility_bill_not_available_for_address_proof_followup_d
পোস্টাল ভোট বিডি অ্যাপে যাচাইকরণ শেষ হলে কীভাবে জানব?,verification_completion_notification
যাচাইকরণ প্রক্রিয়া চলাকালীন আমি কি পোস্টাল ভোট বিডি অ্যাপ বন্ধ করতে পারি?,verification_in_progress_app_close
পোস্টাল ভোট বিডি অ্যাপে যাচাইকরণ প্রক্রিয়াধীন থাকলে আমার কী করা উচিত?,verification_in_progress_wait
পোস্টাল ভোট বিডি অ্যাপে যাচাইকরণ প্রক্রিয়া কতক্ষণ সময় নেয়?,verification_time
পোস্টাল ভোট বিডি অ্যাপে ভিডিও দেখা শেষ হলে কি হবে?,video_end_next_step
পোস্টাল ভোট বিডি অ্যাপে ভিডিও টিউটোরিয়াল দেখা কেন প্রয়োজন?,video_tutorial_why
পোস্টাল ভোট বিডি অ্যাপে ভোট ট্র্যাকিং কী?,vote_tracking_definition
"স্থায়ী ঠিকানায় ভোটার হয়েছিলাম, এখন বর্তমান ঠিকানার ভোটার হতে চাই, করণীয় কি?",voter_area_change
"ভোটার স্থানান্তরের আবেদন করেছিলাম, অনুমোদন হয়েছে কিন্তু তথ্য পরিবর্তন হয়নি। কি করণীয়?",voter_area_change_not_reflected
"ভোটার স্থানান্তরের আবেদন চলমান রয়েছে, এমতাবস্থায় সংশোধনের আবেদন করা যাবে কি?",voter_area_change_ongoing
ভোটার এলাকা পরিবর্তনের আবেদন কি অনলাইনে করা যাবে?,voter_area_change_online
"ঠিকানা পরিবর্তনের আবেদনে পূর্বের ভোটার এলাকার তথ্য প্রয়োজন, কিভাবে পাবো? আমার ভোটার এলাকার নাম, নম্বর ও ভোটার নম্বর কিভাবে পাবো?",voter_area_query
"আমার জাতীয় পরিচয়পত্রের অংশবিশেষ পুড়ে গেছে/ পোকায় খেয়েছে, রিইস্যুর জন্য জিডি করতে হবে?",voter_card_damaged
আমি হালনাগাদে ভোটার হিসেবে রেজিষ্ট্রেশন করতে পারিনি। এখন কিভাবে নতুন ভোটার হব?,voter_halnagad_registration_not_done
"ভোটার স্থানান্তর করেছি, রি ইস্যুর জন্য করণীয় কি?",voter_migration_done_now_what_to_do_for_reissue
"ভোটার স্লীপ হারিয়ে গেছে, ভোটার তালিকায় খুঁজে পাওয়া যাচ্ছে না, তবে আমি ছবি তুলেছি। কিভাবে কার্ড উত্তোলন করবো?",voter_slip_lost_how_to_get_new_card
"আমার নিবন্ধন স্লিপ অথবা এনআইডি কার্ডটি হারিয়ে গেছে, এনআইডি কার্ড পাবো কীভাবে?",voter_slip_lost_how_to_get_nid
পোস্টাল ভোট দেওয়ার সময় কী সাবধানতা নিতে হবে?,voting_precautions
ভিপিএন ব্যবহার করলে পোস্টাল বিডি অ্যাপে কাজ করবে?,vpn_not_allowed
"সংশোধনের আবেদন বাতিল করতে চাই, কিভাবে?",way_to_cancel_correction_application
পোস্টাল ভোট বিডি অ্যাপে রেজিষ্ট্রেশনের সময় দুর্বল পাসওয়ার্ড ব্যবহার করলে কি ঝুঁকি আছে?,weak_password_risk
পোস্টাল ভোট বিডি অ্যাপ ব্যবহারে কখন আমার সহায়তা নেওয়া উচিত?,when_to_seek_help
এনআইডি কার্ড করার জন্য কি দ্বৈত নাগরিকত্ব প্রয়োজন হয়?,whether_nid_card_required_for_dual_citizenship
দ্বৈত নাগরিকত্ব সনদ বিষয়ে কার সাথে যোগাযোগ করা যেতে পারে?,whom_to_communicate_for_dual_citizenship_certificate
নতুন ভোটার হতে চাই?,wish_to_create_nid_smart_card_new
আমি জাতীয় পরিচয়পত্র করতে চাই?,wish_to_create_nid_smart_card_new
নতুন এনআইডি কার্ড করতে করণীয় কি?,wish_to_create_nid_smart_card_new
নতুন ভোটার নিবন্ধন করতে কোন অফিসে যেতে হবে এবং অফিসের ঠিকানা/সময় কী?,wish_to_create_nid_smart_card_new_followup_a
নতুন ভোটার নিবন্ধন করতে অফিসে যাওয়ার সময় কোন কোন কাগজপত্র সঙ্গে নিতে হবে?,wish_to_create_nid_smart_card_new_followup_b
নতুন ভোটার নিবন্ধনের জন্য প্রয়োজনীয় কাগজপত্রের মূল কপি নাকি ফটোকপি লাগবে?,wish_to_create_nid_smart_card_new_followup_c
নতুন ভোটার নিবন্ধনের জন্য প্রয়োজনীয় কাগজপত্রের মধ্যে কোনোটি না থাকলে বিকল্প হিসেবে কী দেওয়া যাবে?,wish_to_create_nid_smart_card_new_followup_d
নতুন ভোটার নিবন্ধনের পরে পরবর্তী ধাপে কী করতে হবে?,wish_to_create_nid_smart_card_new_followup_d
নতুন ভোটার নিবন্ধন কি অনলাইনে করা যাবে নাকি সরাসরি অফিসে যেতে হবে?,wish_to_create_nid_smart_card_new_followup_e
নতুন ভোটার নিবন্ধন প্রক্রিয়াটি সম্পন্ন হতে সাধারণত কতদিন সময় লাগে?,wish_to_create_nid_smart_card_new_followup_f
নতুন ভোটার নিবন্ধন করতে কোনো ফি লাগলে কত এবং কীভাবে দিতে হবে?,wish_to_create_nid_smart_card_new_followup_g
ভুল ঠিকানা দিয়ে পোস্টাল ভোট বিডি অ্যাপে রেজিস্ট্রেশন করলে কি হবে?,wrong_address_consequence
পোস্টাল ভোট বিডি অ্যাপে বারবার ভুল তথ্য দিলে কি হতে পারে?,wrong_info_penalty
"অনলাইনে আবেদন করার পর দেখছি তথ্যে ভুল হয়েছে, সংশোধন করতে পারছি না, কি করবো?",wrong_information_in_online_application_what_to_do
পোস্টাল ভোট বিডি অ্যাপে মোবাইল নম্বর ভুল দিলে কি হবে?,wrong_mobile_number_consequence
রেজিস্ট্রেশন করা সময় পোস্টাল ভোট বিডি অ্যাপে ভুল OTP দিলে কি হবে?,wrong_otp_registration
"অনলাইনে লগইন করতে গেলে ""ভুল পাসওয়ার্ড"" মেসেজ দেখায়, কি করণীয়?",wrong_password_in_registration
"এনআইডি Portal-এ লগইনের চেষ্টা করছি বারবার ভুল পাসওয়ার্ড দেখাচ্ছে, কি করবো?",wrong_password_in_registration
"ভুল করে জীবিত পিতা/মাতা/স্বামী/স্ত্রীর নামের পূর্বে মৃত এসেছে, করণীয় কি?",wrongly_dead_declared
ভুলক্রমে পিতা/স্বামী/মাতাকে মৃত হিসেবে উল্লেখ করা হলে সংশোধনের জন্য কি কি সনদ দাখিল করতে হবে?,wrongly_dead_declared
